Time,Amplitude
0.0,-0.024494095813237873
0.004001600640256103,3.4742034052712945
0.008003201280512205,5.158340153033137
0.012004801920768308,4.364010730468731
0.01600640256102441,2.10396283014173
0.020008003201280513,-0.14508061627661778
0.024009603841536616,-0.8957343186933412
0.028011204481792718,0.15968390030154817
0.03201280512204882,2.1248897395489923
0.03601440576230493,3.5688973024699755
0.040016006402561026,3.758196505478815
0.044017607042817125,2.8846817424719013
0.04801920768307323,1.8124388147118184
0.05202080832332934,1.4354239317048922
0.056022408963585436,1.926714332334772
0.060024009603841535,2.975393671200027
0.06402561024409764,3.596519254999603
0.06802721088435375,3.467290419533526
0.07202881152460985,3.1304501443762387
0.07603041216486595,3.289267386194689
0.08003201280512205,4.508721195694856
0.08403361344537816,6.1609982630336955
0.08803521408563425,7.493552133766556
0.09203681472589036,7.221289755049582
0.09603841536614646,5.454533140962194
0.10004001600640257,3.051155559007381
0.10404161664665867,1.333289485937682
0.10804321728691477,1.5317861920546614
0.11204481792717087,3.3217964135195266
0.11604641856742698,5.42142313380961
0.12004801920768307,6.352611790107297
0.12404961984793918,5.663216110027295
0.12805122048819528,3.710633978139737
0.13205282112845138,2.2149713670535993
0.1360544217687075,2.0814907367137447
0.1400560224089636,3.5799077464925784
0.1440576230492197,5.640748497745559
0.1480592236894758,6.796811898089735
0.1520608243297319,6.45916227106947
0.156062424969988,4.850899645287145
0.1600640256102441,2.986768332522282
0.1640656262505002,2.129667991148367
0.16806722689075632,2.6646388449613787
0.1720688275310124,4.042428448265275
0.1760704281712685,4.593185629973111
0.18007202881152462,3.743379479734545
0.1840736294517807,1.8958196879580023
0.18807523009203683,0.017441897637873897
0.19207683073229292,-0.6608689843927746
0.19607843137254902,0.33720369664043015
0.20008003201280514,2.346564250472088
0.20408163265306123,3.9161552042169765
0.20808323329331735,4.287617147508817
0.21208483393357344,3.14662666126922
0.21608643457382953,1.6885741109712076
0.22008803521408565,0.7791175965977437
0.22408963585434175,0.8111212607923765
0.22809123649459784,1.4698411524052173
0.23209283713485396,1.7692743867387593
0.23609443777511005,1.3113726358462447
0.24009603841536614,-0.03610723985264594
0.24409763905562226,-1.1894045547251069
0.24809923969587835,-1.4812118941387173
0.25210084033613445,-0.6928353838485842
0.25610244097639057,0.31135290932570653
0.2601040416166467,0.4660516225252307
0.26410564225690275,-0.47347205708619255
0.26810724289715887,-1.9974459908074318
0.272108843537415,-3.3309826508534557
0.27611044417767105,-2.797396698330913
0.2801120448179272,-0.7710108378921277
0.2841136454581833,1.8299168369270458
0.2881152460984394,3.3638570350435124
0.2921168467386955,2.804126352755469
0.2961184473789516,0.24052072638124594
0.3001200480192077,-3.010647325524376
0.3041216486594638,-4.958038274500311
0.3081232492997199,-4.669750034798499
0.312124849939976,-2.7709290013538754
0.3161264505802321,-0.576313573044207
0.3201280512204882,0.5806701135481679
0.32412965186074433,0.05490130010734023
0.3281312525010004,-1.604046985604546
0.3321328531412565,-3.1248209960538196
0.33613445378151263,-3.5137986190642327
0.3401360544217687,-2.6103698940796543
0.3441376550620248,-1.280684073376714
0.34813925570228094,-0.238414972650787
0.352140856342537,-0.018679184348924023
0.3561424569827931,-0.20500802530687814
0.36014405762304924,-0.2985991929327675
0.36414565826330536,-0.043976668175422035
0.3681472589035614,0.22750042094998668
0.37214885954381755,-0.11450593342245415
0.37615046018407367,-1.1769790779654303
0.38015206082432973,-2.9371228831086063
0.38415366146458585,-4.2700486881189486
0.38815526210484197,-4.1785227468643225
0.39215686274509803,-2.638543307159486
0.39615846338535415,-0.10101259369091051
0.4001600640256103,1.6887741115839054
0.40416166466586634,1.7818199836764999
0.40816326530612246,0.3612267621549895
0.4121648659463786,-1.7517968730236961
0.4161664665866347,-2.970384770876158
0.42016806722689076,-2.386666742774219
0.4241696678671469,-0.39113088672223534
0.428171268507403,1.8741309828371064
0.43217286914765907,2.785314388095655
0.4361744697879152,1.8201212205834414
0.4401760704281713,-0.26175841278234485
0.44417767106842737,-2.284452349510043
0.4481792717086835,-3.115327952830139
0.4521808723489396,-2.5296842674646607
0.4561824729891957,-1.1543524747725462
0.4601840736294518,-0.24460878887037452
0.4641856742697079,-0.2784945867654473
0.468187274909964,-0.9971897920524941
0.4721888755502201,-1.408298897264351
0.4761904761904762,-1.2677152685490933
0.4801920768307323,-0.003803778388910037
0.4841936774709884,1.1645048532483413
0.4881952781112445,1.6358431740946378
0.49219687875150064,1.0158766506701409
0.4961984793917567,-0.41990379766006497
0.5002000800320128,-1.6983737000545482
0.5042016806722689,-2.0150388076517225
0.508203281312525,-1.4437481071989957
0.5122048819527811,-0.648831747247345
0.5162064825930373,-0.27073184371065084
0.5202080832332934,-1.062136994976326
0.5242096838735495,-2.1849021469580623
0.5282112845138055,-3.13161585820209
0.5322128851540616,-3.0109753141031073
0.5362144857943177,-2.0982486041527784
0.5402160864345739,-0.7813246173002015
0.54421768707483,-0.24947088998224481
0.5482192877150861,-0.5284508309569566
0.5522208883553421,-1.4941436118356055
0.5562224889955982,-2.1187281381698146
0.5602240896358543,-1.6434216279416367
0.5642256902761105,-0.5732817888347919
0.5682272909163666,0.5327151776727591
0.5722288915566227,0.3847754449607069
0.5762304921968788,-1.0377677603122395
0.5802320928371348,-3.444283656034896
0.584233693477391,-5.1327413790535825
0.5882352941176471,-5.501061895088248
0.5922368947579032,-3.9613435656158087
0.5962384953981593,-1.7462993018119521
0.6002400960384154,0.07094035873896642
0.6042416966786714,0.27762985548899793
0.6082432973189276,-0.899406016742153
0.6122448979591837,-2.612601523134453
0.6162464985994398,-3.6799270554111763
0.6202480992396959,-3.4797878968095715
0.624249699879952,-1.9931146404013158
0.6282513005202081,-0.47808644171642645
0.6322529011604642,0.3860887337270116
0.6362545018007203,0.22492651880180736
0.6402561024409764,-0.6525651917704837
0.6442577030812325,-1.7751948076971833
0.6482593037214887,-2.307559316673052
0.6522609043617448,-2.6159934278381547
0.6562625050020008,-2.8822739273293645
0.6602641056422569,-3.030268972305579
0.664265706282513,-3.1181575318534205
0.6682673069227691,-2.6562054359657523
0.6722689075630253,-1.3151755003372718
0.6762705082032814,0.31310526909732095
0.6802721088435374,1.781839855010723
0.6842737094837935,2.1220950794519506
0.6882753101240496,1.176603279834993
0.6922769107643058,-0.555087018661254
0.6962785114045619,-2.058373279138255
0.700280112044818,-2.038794603363398
0.704281712685074,-0.6306304160159066
0.7082833133253301,1.4849377057785773
0.7122849139655862,2.994283301371841
0.7162865146058424,2.945035487813849
0.7202881152460985,1.2701753650815775
0.7242897158863546,-1.018234354079054
0.7282913165266107,-2.3864882005832238
0.7322929171668667,-2.242861168190778
0.7362945178071229,-0.647660900581337
0.740296118447379,1.4957914642198304
0.7442977190876351,3.1777528613154065
0.7482993197278912,3.775944765361663
0.7523009203681473,3.3493666276672327
0.7563025210084033,2.765698938506131
0.7603041216486595,2.290899593085017
0.7643057222889156,2.3222261187899775
0.7683073229291717,2.5666529365093367
0.7723089235694278,2.642319083010692
0.7763105242096839,2.2701346792092054
0.7803121248499401,1.7341343560921574
0.7843137254901961,1.568194732202336
0.7883153261304522,1.899450908432223
0.7923169267707083,2.397705434554161
0.7963185274109644,2.887136371320039
0.8003201280512205,2.6080331641038073
0.8043217286914767,1.9233686355775754
0.8083233293317327,1.3917657486500419
0.8123249299719888,1.5379712820138984
0.8163265306122449,2.288040344592735
0.820328131252501,3.70185343391086
0.8243297318927572,4.900676852477927
0.8283313325330133,5.016155064387496
0.8323329331732694,4.196597855860346
0.8363345338135254,2.987523247399263
0.8403361344537815,1.9955783017202227
0.8443377350940376,1.8125546445996232
0.8483393357342938,2.146866885433284
0.8523409363745499,2.5341906412031214
0.856342537014806,2.3362760425969404
0.860344137655062,1.451657266013978
0.8643457382953181,0.5340897435176796
0.8683473389355743,0.19081850928606725
0.8723489395758304,0.5800856278211027
0.8763505402160865,1.840890129713729
0.8803521408563426,3.0918778504457105
0.8843537414965986,3.668005415904772
0.8883553421368547,3.115868808990488
0.8923569427771109,1.9302080701975741
0.896358543417367,0.7124106235693131
0.9003601440576231,0.19789575477546545
0.9043617446978792,0.7468675938746498
0.9083633453381353,1.4608809502885167
0.9123649459783914,2.0784869185083625
0.9163665466186475,1.9602694668925154
0.9203681472589036,0.9007064810905886
0.9243697478991597,-0.43814231530531317
0.9283713485394158,-1.498926955973428
0.932372949179672,-2.144938233460548
0.936374549819928,-1.9850590981658824
0.9403761504601841,-1.363171005628203
0.9443777511004402,-0.5514914745323611
0.9483793517406963,0.16575887471990952
0.9523809523809524,0.7378776127205311
0.9563825530212086,1.287498829133533
0.9603841536614646,1.3403305755229553
0.9643857543017207,0.8085132217610915
0.9683873549419768,-0.32570853595610205
0.9723889555822329,-1.5047257782078431
0.976390556222489,-2.5605258448159534
0.9803921568627452,-2.7777630634050055
0.9843937575030013,-2.0535974313120153
0.9883953581432573,-0.8859438956578265
0.9923969587835134,-0.03226118027043648
0.9963985594237695,-0.025048924219112943
1.0004001600640255,-1.1800226803393299
1.0044017607042817,-2.852151078942381
1.0084033613445378,-4.09259120876481
1.012404961984794,-4.175990099120141
1.01640656262505,-2.9024329336534147
1.0204081632653061,-0.9299374607845827
1.0244097639055623,0.980504910002882
1.0284113645458184,1.8663039330499145
1.0324129651860745,1.4961713879307048
1.0364145658263306,0.10870171305042833
1.0404161664665867,-1.4711099658004212
1.0444177671068429,-2.6384456785382295
1.048419367747099,-3.061145801646896
1.0524209683873549,-2.704025679333511
1.056422569027611,-2.016170393931772
1.0604241696678671,-1.2952717596373502
1.0644257703081232,-0.9174224417108777
1.0684273709483794,-0.6332615192914225
1.0724289715886355,-0.6984921344842681
1.0764305722288916,-1.0248147076892542
1.0804321728691477,-1.524253352643402
1.0844337735094038,-1.4921953668402033
1.08843537414966,-1.3131452304975093
1.092436974789916,-0.6042881654900435
1.0964385754301722,0.49724665566298065
1.1004401760704283,1.4711522300281776
1.1044417767106842,2.0077445699926852
1.1084433773509403,1.7302230096323077
1.1124449779911965,0.7576889406790617
1.1164465786314526,-0.46806356964442564
1.1204481792717087,-1.6381180939481712
1.1244497799119648,-1.90245420789979
1.128451380552221,-1.4407103950229179
1.132452981192477,-0.67578842317089
1.1364545818327332,0.21736297052915088
1.1404561824729893,0.7291430133026948
1.1444577831132454,0.6452845923760769
1.1484593837535015,0.6630165598657963
1.1524609843937577,0.5902707656584618
1.1564625850340136,0.6962328123103443
1.1604641856742697,1.2837243991272458
1.1644657863145258,1.6272229338979363
1.168467386954782,1.8993951139174006
1.172468987595038,1.741263947594122
1.1764705882352942,1.4043050968291853
1.1804721888755503,1.0071067457710852
1.1844737895158064,0.5427619326965076
1.1884753901560625,0.38491147568655304
1.1924769907963186,0.3264326091379976
1.1964785914365748,0.2657252707846104
1.2004801920768309,0.21646006125033315
1.2044817927170868,-0.0682424649233367
1.208483393357343,-0.12486154880698866
1.212484993997599,-0.054592195241836755
1.2164865946378551,0.060272733969188336
1.2204881952781113,0.6353893654131515
1.2244897959183674,1.346348593856335
1.2284913965586235,1.8485458375422834
1.2324929971988796,2.4003650521885054
1.2364945978391357,2.3364518028360384
1.2404961984793919,1.7545196819463498
1.244497799119648,0.8679743280688648
1.248499399759904,-0.30828142838729494
1.2525010004001602,-1.1210181791705776
1.2565026010404161,-1.528863286323068
1.2605042016806722,-0.9911167089561116
1.2645058023209284,-0.28063852063219014
1.2685074029611845,0.266470050382014
1.2725090036014406,0.5594690135725094
1.2765106042416967,0.20599502373417383
1.2805122048819528,-0.42800065847737134
1.284513805522209,-1.2174330481573699
1.288515406162465,-1.5759260623833586
1.2925170068027212,-1.1549254147141246
1.2965186074429773,-0.31814811121642683
1.3005202080832334,0.6978160500842968
1.3045218087234896,1.5014403432752763
1.3085234093637454,1.7458633562695984
1.3125250100040016,1.188015977124894
1.3165266106442577,-0.09632378405662496
1.3205282112845138,-1.694476599074245
1.32452981192477,-3.00038028482847
1.328531412565026,-3.701664636197453
1.3325330132052822,-3.5146181114780326
1.3365346138455383,-2.2879383431941083
1.3405362144857944,-0.9480947095361819
1.3445378151260505,0.06937852357796752
1.3485394157663066,0.5354531509590608
1.3525410164065628,-0.00266814756538071
1.3565426170468189,-1.194884831310182
1.3605442176870748,-2.3752743195946624
1.364545818327331,-2.6698835240968553
1.368547418967587,-2.1598027447151487
1.3725490196078431,-0.8077097913527487
1.3765506202480993,0.4632092438594694
1.3805522208883554,1.176275091319982
1.3845538215286115,0.6830068801182012
1.3885554221688676,-0.6751990331698222
1.3925570228091237,-2.4109953036297025
1.3965586234493799,-3.719267981305149
1.400560224089636,-4.0875804185666995
1.404561824729892,-3.498638751366608
1.408563425370148,-2.438279685190498
1.4125650260104041,-1.1400951479762769
1.4165666266506602,-0.40021167859292794
1.4205682272909164,0.0156837718171719
1.4245698279311725,-0.01807099922657457
1.4285714285714286,-0.101876986524218
1.4325730292116847,-0.49975529292858195
1.4365746298519408,-0.8818934628009008
1.440576230492197,-1.081861927315154
1.444577831132453,-1.1548283270285897
1.4485794317727092,-0.8010634550678619
1.4525810324129653,-0.40055194467626953
1.4565826330532214,-0.0719762472958824
1.4605842336934773,-0.0855916340449066
1.4645858343337335,-0.5431038448348751
1.4685874349739896,-1.5792639675440645
1.4725890356142457,-2.3204940981178126
1.4765906362545018,-2.5710230324836005
1.480592236894758,-2.021529486969683
1.484593837535014,-0.7111623060997179
1.4885954381752702,0.6177641606666674
1.4925970388155263,1.3853481462879402
1.4965986394557824,1.490184585336451
1.5006002400960385,0.9551268297396672
1.5046018407362947,0.34500119094106857
1.5086034413765508,0.14045837449742515
1.5126050420168067,0.5187749173269776
1.5166066426570628,0.8160956406614139
1.520608243297319,0.9979018533848534
1.524609843937575,0.27915882109538537
1.5286114445778312,-0.5183510118186365
1.5326130452180873,-1.3685701680969384
1.5366146458583434,-1.4861225840280599
1.5406162464985995,-0.8065588402434963
1.5446178471388556,0.45994779828359256
1.5486194477791118,1.2686324393500374
1.5526210484193679,1.589460018737625
1.556622649059624,1.0243482820646852
1.5606242496998801,0.3142337893133092
1.564625850340136,0.13018485327352805
1.5686274509803921,0.4985783084463342
1.5726290516206483,1.3598667532768929
1.5766306522609044,2.1438650969942756
1.5806322529011605,2.4911534031555176
1.5846338535414166,2.1182151414263943
1.5886354541816727,1.2970255105436026
1.5926370548219289,0.4340487386606645
1.596638655462185,-0.26139107754707785
1.600640256102441,-0.46928462755703326
1.6046418567426972,-0.593238951447632
1.6086434573829533,-0.6268837435526989
1.6126450580232095,-0.43114236985545207
1.6166466586634654,0.14181768476775825
1.6206482593037215,1.1948599746208781
1.6246498599439776,2.2859694674033104
1.6286514605842337,3.076544389254822
1.6326530612244898,2.860959456222736
1.636654661864746,1.876025656597575
1.640656262505002,0.3855894317812449
1.6446578631452582,-0.6585807326406871
1.6486594637855143,-0.4967879473595161
1.6526610644257704,0.8755994305246994
1.6566626650660266,2.4836794934650626
1.6606642657062827,3.3957657202786065
1.6646658663465388,2.87058458337376
1.6686674669867947,0.9841429774596265
1.6726690676270508,-1.2951519519461112
1.676670668267307,-2.6949685407468604
1.680672268907563,-2.3501793363878933
1.6846738695478192,-0.6856698531427223
1.6886754701880753,1.5795574805606258
1.6926770708283314,3.2581252470779347
1.6966786714685875,3.717688123129086
1.7006802721088436,2.8905229974652396
1.7046818727490998,1.8414580382403039
1.708683473389356,0.9885251656168891
1.712685074029612,0.6153733477759664
1.716686674669868,0.556618636332136
1.720688275310124,0.6185626948222231
1.7246898759503801,0.6012889990928207
1.7286914765906363,0.523748781915577
1.7326930772308924,0.5940416173023115
1.7366946778711485,1.031843996807023
1.7406962785114046,1.2326282867603453
1.7446978791516607,1.036017017991532
1.7486994797919169,0.2320418557057175
1.752701080432173,-0.7544913405214885
1.756702681072429,-1.2900248059564845
1.7607042817126852,-0.8165994145474006
1.7647058823529413,0.736691378982739
1.7687074829931972,2.8243959282621036
1.7727090836334534,4.158292732083279
1.7767106842737095,4.063922033072042
1.7807122849139656,2.4538468853897286
1.7847138855542217,0.24190081705514638
1.7887154861944778,-1.4177481834647647
1.792717086834734,-1.6102700058393908
1.79671868747499,-0.5868153050063876
1.8007202881152462,0.8248003198520246
1.8047218887555023,1.4687888673999359
1.8087234893957584,1.0733414652863764
1.8127250900360146,-0.24332997026900355
1.8167266906762707,-1.2055281923224002
1.8207282913165266,-1.1912212429924052
1.8247298919567827,-0.166994095552993
1.8287314925970388,1.2107168003011912
1.832733093237295,1.9301749183355799
1.836734693877551,1.7341729235961596
1.8407362945178072,0.9314027411029704
1.8447378951580633,0.05821059700267184
1.8487394957983194,-0.21809354156583644
1.8527410964385755,0.43751304334695706
1.8567426970788317,1.291337245085461
1.8607442977190878,1.2297529366758908
1.864745898359344,0.31289067522133557
1.8687474989996,-1.1036984134306294
1.872749099639856,-2.307344628822653
1.876750700280112,-2.5602109592478395
1.8807523009203682,-1.7824309430488128
1.8847539015606243,-0.6306406422287226
1.8887555022008804,0.29116905210887273
1.8927571028411365,0.3887835069771305
1.8967587034813926,-0.12608612073926478
1.9007603041216488,-0.4114251142970989
1.9047619047619049,-0.2668045805649311
1.908763505402161,0.47860096608759994
1.9127651060424171,1.049043211926099
1.9167667066826732,0.9005331256572564
1.9207683073229291,-0.3475779855247375
1.9247699079631853,-1.850850012888586
1.9287715086034414,-2.80001238752367
1.9327731092436975,-2.3929784425813216
1.9367747098839536,-1.0995817339743392
1.9407763105242097,0.24293756663266716
1.9447779111644659,0.55737466125766
1.948779511804722,-0.77394765834956
1.952781112444978,-2.8164432718699697
1.9567827130852342,-4.253035361747271
1.9607843137254903,-4.134779657152594
1.9647859143657465,-2.1526638807468643
1.9687875150060026,0.5628876243247342
1.9727891156462585,2.591851434124931
1.9767907162865146,2.8433229397463893
1.9807923169267707,1.179125106532066
1.9847939175670268,-1.1713184444253417
1.988795518207283,-2.9484980596387578
1.992797118847539,-3.542542250252436
1.9967987194877952,-2.71083415693896
2.000800320128051,-1.4524641833964218
2.0048019207683074,-0.7690665399208823
2.0088035214085633,-0.8742206922924044
2.0128051220488197,-1.4997117370473054
2.0168067226890756,-1.7873165206461288
2.020808323329332,-1.6160729645175864
2.024809923969588,-1.1499425994964554
2.028811524609844,-0.8971811795608265
2.0328131252501,-1.082824828447604
2.0368147258903564,-1.6289808675901292
2.0408163265306123,-1.608638930253136
2.0448179271708686,-0.717640538849417
2.0488195278111245,0.9195776948366479
2.0528211284513804,2.4022479626336617
2.0568227290916368,2.486614790286672
2.0608243297318927,0.8476448318270642
2.064825930372149,-1.9021774143112733
2.068827531012405,-4.169496582244119
2.0728291316526612,-4.676799205197496
2.076830732292917,-3.256449599998493
2.0808323329331735,-0.5352037901545886
2.0848339335734294,1.7505434130110364
2.0888355342136857,2.3460438275612296
2.0928371348539416,1.1485890745703922
2.096838735494198,-0.7436190819889149
2.100840336134454,-2.118356835362305
2.1048419367747098,-1.7726699177449003
2.108843537414966,-0.07366048926271936
2.112845138055222,1.817992407094562
2.1168467386954783,2.7109104710734067
2.1208483393357342,2.1700039143647833
2.1248499399759906,0.7485283495466784
2.1288515406162465,-0.5925450126665207
2.132853141256503,-0.97860655707961
2.1368547418967587,-0.47944707333862163
2.140856342537015,0.25161141422160843
2.144857943177271,0.17491430078738662
2.1488595438175273,-0.5348179327319149
2.152861144457783,-1.3610243291923467
2.156862745098039,-1.518132336474201
2.1608643457382954,-0.5171585201160347
2.1648659463785513,1.2525735513967402
2.1688675470188077,2.6392596967333897
2.1728691476590636,3.0141150674788064
2.17687074829932,1.9254068507626902
2.180872348939576,0.33394901182509584
2.184873949579832,-0.678348156134577
2.188875550220088,-0.3535020809929499
2.1928771508603444,0.8583688292331736
2.1968787515006003,1.8334881849584024
2.2008803521408566,1.8232802291999377
2.2048819527811125,0.535598184190303
2.2088835534213684,-1.1541146003980058
2.212885154061625,-2.195245491212056
2.2168867547018807,-1.680405351997784
2.220888355342137,-0.060425471473881096
2.224889955982393,1.5503792325019516
2.2288915566226493,1.970788700794632
2.232893157262905,1.0620060933251438
2.2368947579031615,-0.5809076083914587
2.2408963585434174,-1.3556267383852876
2.2448979591836737,-0.5479279832439753
2.2488995598239296,1.3237114970125323
2.252901160464186,3.337738163590876
2.256902761104442,3.75273568564958
2.2609043617446978,2.2502877417186515
2.264905962384954,-0.5128638056498127
2.26890756302521,-2.886538984431453
2.2729091636654664,-3.6438793317294005
2.2769107643057223,-2.4691698937489086
2.2809123649459786,-0.42573572850025865
2.2849139655862345,1.4268154404033202
2.288915566226491,1.6247865989178565
2.2929171668667467,0.6978626851390437
2.296918767507003,-0.718457759225277
2.300920368147259,-1.2842448473923396
2.3049219687875153,-0.8290212459554183
2.308923569427771,0.2380178599292665
2.312925170068027,1.003508111559821
2.3169267707082835,0.9683812600132082
2.3209283713485394,0.3659505428785488
2.3249299719887957,-0.04739596328602772
2.3289315726290516,0.10866965950362609
2.332933173269308,0.7457538089628319
2.336934773909564,1.10794042868619
2.34093637454982,0.46300940420933956
2.344937975190076,-1.34215620329978
2.3489395758303324,-3.3960619624066446
2.3529411764705883,-4.254331059298426
2.356942777110844,-3.0161281383217062
2.3609443777511006,-0.3474180743743653
2.3649459783913565,2.6516504229303246
2.368947579031613,3.948997975227427
2.3729491796718687,3.0496173397849113
2.376950780312125,0.49059835940084345
2.380952380952381,-2.0969421323341364
2.3849539815926373,-2.947969030343689
2.388955582232893,-1.6545000140577995
2.3929571828731495,0.8216719587762172
2.3969587835134054,2.900650926465971
2.4009603841536618,3.053004992619048
2.4049619847939177,1.5272021150121657
2.4089635854341735,-0.9568516652519514
2.41296518607443,-2.6576273297327613
2.416966786714686,-2.7469151470258373
2.420968387354942,-1.566411895747676
2.424969987995198,-0.06273880063103011
2.4289715886354544,0.6861751142096555
2.4329731892757103,0.7652420168727363
2.4369747899159666,0.43446397564035727
2.4409763905562225,0.4543735560994845
2.444977991196479,1.2965571109956584
2.4489795918367347,2.454441464666675
2.452981192476991,2.7887603109218326
2.456982793117247,1.9941727791113903
2.460984393757503,0.08028504161155782
2.4649859943977592,-1.4116986135747869
2.468987595038015,-1.767666774336522
2.4729891956782715,-0.6475923946425506
2.4769907963185274,1.1852679127895804
2.4809923969587837,2.265308157181808
2.4849939975990396,1.7038287008304485
2.488995598239296,-0.20015381726835865
2.492997198879552,-1.9771865834206923
2.496998799519808,-2.508332616576183
2.501000400160064,-1.2409202607020546
2.5050020008003204,1.0912609736990992
2.5090036014405763,3.0684825169350125
2.5130052020808322,3.472134864263441
2.5170068027210886,2.175769888161658
2.5210084033613445,0.3143821220591171
2.525010004001601,-0.9148687051845191
2.5290116046418567,-0.6673084764075938
2.533013205282113,0.6114649624131222
2.537014805922369,1.7219009682957969
2.5410164065626253,1.5211319582333869
2.545018007202881,-0.09312677377451115
2.5490196078431375,-2.17986394491994
2.5530212084833934,-3.340537977072064
2.5570228091236498,-2.704947946873981
2.5610244097639057,-0.7346775879365943
2.5650260104041616,1.471817912280907
2.569027611044418,2.3524281717457707
2.573029211684674,1.6467200927911585
2.57703081232493,0.010226911614270022
2.581032412965186,-1.462035246100703
2.5850340136054424,-1.5993390504042224
2.5890356142456983,-0.4392755694510696
2.5930372148859546,1.019724859156628
2.5970388155262105,1.6218988333095146
2.601040416166467,0.8462171848379678
2.6050420168067228,-0.6638548626710467
2.609043617446979,-1.8761061186745402
2.613045218087235,-2.2751674842456135
2.617046818727491,-1.6205488915458397
2.6210484193677472,-1.073917585584498
2.625050020008003,-1.1199997796120322
2.6290516206482595,-1.8203057859867844
2.6330532212885154,-2.4481163710163574
2.6370548219287717,-2.3444076835386403
2.6410564225690276,-0.7803381440306844
2.645058023209284,1.5189214316646618
2.64905962384954,3.008773901323502
2.653061224489796,2.606216871512985
2.657062825130052,0.6335341997756994
2.6610644257703084,-2.2101133863951583
2.6650660264105643,-4.000224061855003
2.6690676270508202,-3.5988041384975977
2.6730692276910766,-1.3887357681257195
2.6770708283313325,1.1683363916143346
2.681072428971589,2.3776327487007864
2.6850740296118447,1.583150717580503
2.689075630252101,-0.9326311728684724
2.693077230892357,-3.3549486658546486
2.6970788315326133,-4.0997641165435
2.701080432172869,-2.9380345548445335
2.7050820328131255,-0.4733494200613823
2.7090836334533814,1.8514633505378537
2.7130852340936378,2.8362768680736656
2.7170868347338937,2.3938416654046573
2.7210884353741496,1.3742231467206278
2.725090036014406,0.5099510081955502
2.729091636654662,0.39629086840526395
2.733093237294918,0.6002714073501232
2.737094837935174,0.5620061651281122
2.7410964385754304,0.007000045823095106
2.7450980392156863,-0.8185576956556855
2.7490996398559426,-1.1082493000802665
2.7531012404961985,-0.43476919949017057
2.757102841136455,1.1399116263519231
2.7611044417767108,2.499491213334781
2.765106042416967,2.8470158740892706
2.769107643057223,1.743489680610353
2.773109243697479,0.054659189145547245
2.7771108443377353,-0.9727673129111197
2.781112444977991,-0.37440815066852584
2.7851140456182475,1.9796672720805835
2.7891156462585034,4.560100008441906
2.7931172468987597,5.795696438490409
2.7971188475390156,5.053205104481561
2.801120448179272,2.7295873819035883
2.805122048819528,0.2696926822921405
2.809123649459784,-1.0235712968167021
2.81312525010004,-0.5139586115367444
2.817126850740296,1.1712548622128272
2.8211284513805523,2.777164011866055
2.8251300520208082,3.20858564033197
2.8291316526610646,2.209685409927192
2.8331332533013205,1.0454910109292264
2.837134853941577,0.5219374384944746
2.8411364545818327,1.3038579568420965
2.845138055222089,2.828123867765463
2.849139655862345,4.138850097967729
2.8531412565026013,4.165565346739864
2.857142857142857,3.1333676481459523
2.8611444577831135,1.7208113291674134
2.8651460584233694,0.7960899963094304
2.8691476590636253,1.097464495256969
2.8731492597038817,2.038167000552075
2.8771508603441376,2.7227166341464613
2.881152460984394,2.4095082169866204
2.88515406162465,1.1187001826747724
2.889155662264906,-0.5517710236258371
2.893157262905162,-1.3478189982176942
2.8971588635454184,-1.013501463495076
2.9011604641856743,0.38444315027000836
2.9051620648259306,1.4384041554458695
2.9091636654661865,1.779279149425613
2.913165266106443,1.3097654718510106
2.917166866746699,0.4157595076674957
2.9211684673869547,0.10376898624294281
2.925170068027211,0.7551517276606704
2.929171668667467,1.5032708756424198
2.9331732693077233,1.561734786491963
2.937174869947979,0.49767339867627375
2.9411764705882355,-1.6056758096346029
2.9451780712284914,-3.443338456422892
2.9491796718687477,-4.169135724248856
2.9531812725090036,-3.0826375308908913
2.95718287314926,-1.2938879637091993
2.961184473789516,0.2144532288503269
2.9651860744297722,0.2018439281907709
2.969187675070028,-1.4711066400333699
2.973189275710284,-3.771587596790759
2.9771908763505404,-5.130257485329281
2.9811924769907963,-4.778361873153518
2.9851940776310526,-2.8906374095645617
2.9891956782713085,-0.4262006910019689
2.993197278911565,0.7143981877726445
2.9971988795518207,0.2987732623768164
3.001200480192077,-1.6158246678346866
3.005202080832333,-3.8395339233959485
3.0092036814725893,-5.311353323781262
3.013205282112845,-5.592505114115056
3.0172068827531016,-5.009281793010537
3.0212084833933575,-4.46059990465415
3.0252100840336134,-4.120728517647425
3.0292116846738697,-4.075967735192611
3.0332132853141256,-3.957777071710455
3.037214885954382,-3.4372954657043073
3.041216486594638,-2.799372493401547
3.045218087234894,-2.451140286212692
3.04921968787515,-2.9828055271772627
3.0532212885154064,-3.973305550788066
3.0572228891556623,-4.7796586521388855
3.0612244897959187,-4.674529687085072
3.0652260904361746,-3.3924239672412138
3.069227691076431,-1.5876386652711791
3.073229291716687,-0.37030778939472064
3.0772308923569427,-0.7788785734659056
3.081232492997199,-2.6917847531583945
3.085234093637455,-5.169701952504421
3.0892356942777113,-6.934708885895157
3.093237294917967,-6.6573591774526415
3.0972388955582235,-4.804605623519849
3.1012404961984794,-2.1417801013871807
3.1052420968387358,-0.167916758543282
3.1092436974789917,0.20552349346049337
3.113245298119248,-0.6332886144832651
3.117246898759504,-1.9806826793321497
3.1212484993997602,-2.6237946057640595
3.125250100040016,-2.239872949467837
3.129251700680272,-0.9596899025788612
3.1332533013205284,0.19629223399470433
3.1372549019607843,0.49491515133659786
3.1412565026010406,-0.06842782417292416
3.1452581032412965,-0.7628586728722817
3.149259703881553,-1.1987882767911362
3.1532613045218087,-1.0559146173698504
3.157262905162065,-0.4515293149241659
3.161264505802321,-0.08242472589242879
3.1652661064425773,-0.26439912614872046
3.1692677070828332,-0.6816411059041128
3.1732693077230896,-0.6980931804467431
3.1772709083633455,0.052305611256372765
3.1812725090036014,1.461866255692196
3.1852741096438577,3.011532092776381
3.1892757102841136,3.864545222948724
3.19327731092437,3.6704831053066833
3.197278911564626,2.5750257397604535
3.201280512204882,1.5459077661886702
3.205282112845138,1.3473677730010203
3.2092837134853944,1.8073286902627625
3.2132853141256503,2.5490979716949784
3.2172869147659067,2.9335163661084214
3.2212885154061626,2.484827865256989
3.225290116046419,1.6204509742040223
3.229291716686675,0.8186014565426623
3.2332933173269307,1.0474504171572128
3.237294917967187,2.226676534761488
3.241296518607443,3.670775341105458
3.2452981192476993,4.550311772845728
3.249299719887955,4.428502184653646
3.2533013205282115,3.5477633038725465
3.2573029211684674,2.429060782028012
3.2613045218087238,2.1986123834626348
3.2653061224489797,2.976995197868862
3.269307723089236,4.544963035029502
3.273309323729492,5.43354736567628
3.2773109243697482,5.178127839413717
3.281312525010004,3.9670572115021496
3.28531412565026,1.9261076435304416
3.2893157262905164,0.25976505436853825
3.2933173269307723,-0.11937514874231504
3.2973189275710286,0.5875874960148331
3.3013205282112845,2.046275818002985
3.305322128851541,3.2739139514070326
3.3093237294917968,3.799695624069247
3.313325330132053,3.651790736150248
3.317326930772309,3.343788835576404
3.3213285314125653,2.907761136593819
3.3253301320528212,2.636602340548708
3.3293317326930776,2.378611325756773
3.3333333333333335,1.9819097027165886
3.3373349339735894,1.6565398110454865
3.3413365346138457,1.5681817783461522
3.3453381352541016,1.9145484403254025
3.349339735894358,2.534547057513912
3.353341336534614,2.5666424841955875
3.35734293717487,2.1234694766202145
3.361344537815126,0.7536081199678704
3.3653461384553824,-1.0014812125410173
3.3693477390956383,-2.1678395351305793
3.3733493397358947,-2.0553247547223004
3.3773509403761506,-0.5987422753991013
3.3813525410164065,1.857929279627269
3.385354141656663,3.6608049354940513
3.3893557422969187,4.118493172269407
3.393357342937175,3.0361229506470306
3.397358943577431,1.113127628851134
3.4013605442176873,-0.8133336298488549
3.405362144857943,-1.5249607208623108
3.4093637454981995,-1.1907079737122275
3.4133653461384554,0.04642861015951909
3.417366946778712,0.9957977952599334
3.4213685474189677,1.1859634775495245
3.425370148059224,0.7565583326513321
3.42937174869948,-0.4199625228840032
3.433373349339736,-1.323665636056355
3.437374949979992,-1.693238131852887
3.441376550620248,-1.5061574420411734
3.4453781512605044,-0.9641617182562785
3.4493797519007603,-0.4293772152137807
3.4533813525410166,0.3790513433050086
3.4573829531812725,1.1215364658950515
3.461384553821529,1.814025602757942
3.4653861544617848,2.0308989998795584
3.469387755102041,1.7383291184526628
3.473389355742297,0.8099711782224571
3.4773909563825534,-0.27898053780835813
3.4813925570228093,-1.331965761602379
3.485394157663065,-1.625201437416924
3.4893957583033215,-1.3268497639399688
3.4933973589435774,-0.5571769711977864
3.4973989595838337,0.3771800665027564
3.5014005602240896,0.5140880708532861
3.505402160864346,0.21476895777577654
3.509403761504602,-0.48700075917147323
3.513405362144858,-0.7644694123546969
3.517406962785114,-0.4386151833702686
3.5214085634253705,0.32975284569504304
3.5254101640656264,1.205583869322399
3.5294117647058827,1.8580393470386138
3.5334133653461386,1.832883023739172
3.5374149659863945,1.2185652224059371
3.541416566626651,0.5826518675424479
3.5454181672669067,0.07916234150997689
3.549419767907163,0.1256569291577684
3.553421368547419,0.2182468918277007
3.5574229691876753,0.045776953670148904
3.561424569827931,-0.10856845622638482
3.5654261704681876,-0.8405247568804787
3.5694277711084434,-1.4097791039993417
3.5734293717487,-1.544901572927794
3.5774309723889557,-1.0190137649623332
3.581432573029212,-0.02742247393973219
3.585434173669468,0.9746087769614445
3.589435774309724,1.532763095150776
3.59343737494998,1.51100901873517
3.597438975590236,1.0937710823168896
3.6014405762304924,0.43141200053742984
3.6054421768707483,-0.3753573414385764
3.6094437775110046,-0.8913494501265883
3.6134453781512605,-1.1216335955263192
3.617446978791517,-1.1180631891749844
3.621448579431773,-0.9830431128795085
3.625450180072029,-0.8620566362214287
3.629451780712285,-0.7283539539794511
3.6334533813525414,-1.2208233504791033
3.6374549819927973,-1.7716218156837409
3.641456582633053,-2.57912890355977
3.6454581832733095,-3.1540824691422555
3.6494597839135654,-3.2654453181740104
3.6534613845538217,-2.586377093092918
3.6574629851940776,-1.364218046446095
3.661464585834334,-0.06324966005746971
3.66546618647459,0.6719084159313792
3.6694677871148462,0.3784536098937287
3.673469387755102,-0.6734450960793407
3.6774709883953585,-2.4986663848024584
3.6814725890356144,-4.132107144070849
3.6854741896758707,-5.009519762291361
3.6894757903161266,-4.9728697097478225
3.6934773909563825,-4.011464553351631
3.697478991596639,-2.9659757684444568
3.7014805922368947,-2.2900742969436623
3.705482192877151,-2.133536344414795
3.709483793517407,-2.987358506065367
3.7134853941576633,-3.9091092025089944
3.717486994797919,-4.759278596705368
3.7214885954381756,-5.0846185072756604
3.7254901960784315,-4.4608830361908876
3.729491796718688,-3.360578048948579
3.7334933973589437,-1.9828357288439067
3.7374949979992,-0.9624548930370154
3.741496598639456,-0.931696898226739
3.745498199279712,-1.7647990695959446
3.749499799919968,-3.206484087501649
3.753501400560224,-4.858287544340691
3.7575030012004804,-5.866403533251563
3.7615046018407363,-6.057036757804538
3.7655062024809927,-5.205703552399358
3.7695078031212486,-4.086900312837034
3.773509403761505,-2.7889223261702614
3.777511004401761,-2.0426573438897475
3.781512605042017,-2.1786451878518167
3.785514205682273,-2.6107331030522545
3.7895158063225294,-3.0884532943702934
3.7935174069627853,-3.1111963780653875
3.797519007603041,-2.870269348285046
3.8015206082432975,-2.1612682167130304
3.8055222088835534,-1.3229928046990311
3.8095238095238098,-0.6819168809812217
3.8135254101640657,-0.43190164008302456
3.817527010804322,-0.545328116150849
3.821528611444578,-1.0296113139322347
3.8255302120848342,-1.9013037569247164
3.82953181272509,-2.4050148620489975
3.8335334133653465,-2.6720101891852277
3.8375350140056024,-2.508280552003144
3.8415366146458583,-1.6645387129321394
3.8455382152861146,-0.5952209606718307
3.8495398159263705,0.3808576222103516
3.853541416566627,1.1223264289550094
3.8575430172068828,1.4885971635262965
3.861544617847139,1.530959808132096
3.865546218487395,1.457537838721429
3.8695478191276513,1.555583912678008
3.8735494197679072,1.9238441417500427
3.8775510204081636,2.361653323107621
3.8815526210484195,2.5282709814105426
3.885554221688676,2.4472390771985832
3.8895558223289317,1.9055568195845454
3.8935574229691876,1.4006688940280463
3.897559023609444,1.268330093523682
3.9015606242497,1.535966981256005
3.905562224889956,2.4572791307309823
3.909563825530212,3.1021135743332953
3.9135654261704684,3.474875524869528
3.9175670268107243,3.2625809256354255
3.9215686274509807,2.919431218815386
3.9255702280912366,2.840788038485064
3.929571828731493,3.458820367993853
3.933573429371749,4.491998781342256
3.937575030012005,5.721243166478368
3.941576630652261,6.259556234207347
3.945578231292517,6.052845841154623
3.9495798319327733,5.136854832225173
3.953581432573029,3.727305353065596
3.9575830332132855,2.82976642739645
3.9615846338535414,2.4321927183786793
3.9655862344937978,2.56835577237255
3.9695878351340537,3.0779605567940784
3.97358943577431,3.542969379486047
3.977591036414566,4.064604782211074
3.9815926370548222,4.499097502612186
3.985594237695078,4.625816031699628
3.9895958383353345,4.575681261943398
3.9935974389755904,4.35869118062369
3.9975990396158463,3.7021477206248394
4.001600640256102,3.155436395779134
4.0056022408963585,3.1067148938099653
4.009603841536615,3.5359419828198577
4.013605442176871,4.445024739541778
4.017607042817127,5.276445515060637
4.021608643457383,5.354356495955298
4.025610244097639,4.148433004065265
4.029611844737896,2.0930477740996585
4.033613445378151,-0.1534137340239008
4.0376150460184075,-1.1928342855347434
4.041616646658664,-0.996630005142948
4.04561824729892,0.5744115268847109
4.049619847939176,2.7225310369960725
4.053621448579432,4.01664622696198
4.057623049219688,4.165037284923849
4.061624649859944,2.904826689202857
4.0656262505002,1.1233460575207919
4.069627851140456,-0.05782367564902556
4.073629451780713,-0.28061415463566924
4.077631052420968,0.24074420235079655
4.081632653061225,1.0802754682954954
4.085634253701481,1.5617974912022219
4.089635854341737,1.326559163946988
4.093637454981993,0.5174309154913945
4.097639055622249,-0.4129915443281207
4.101640656262505,-1.2388345030975718
4.105642256902761,-1.937482616755523
4.109643857543017,-2.319787114457178
4.1136454581832735,-2.707024024789712
4.11764705882353,-2.675063112025121
4.121648659463785,-2.006729639477878
4.125650260104042,-0.8144605722443395
4.129651860744298,0.35141693458510714
4.133653461384554,1.1380048718868405
4.13765506202481,0.9331315514224642
4.141656662665066,-0.2216551147499244
4.1456582633053225,-2.0285706404987516
4.149659863945578,-3.1561276697420633
4.153661464585834,-3.325537555373952
4.157663065226091,-2.4400405767817053
4.161664665866347,-1.2029559324067605
4.165666266506602,-0.6542342445437078
4.169667867146859,-1.1397109235602922
4.173669467787115,-2.4768983941932627
4.1776710684273715,-3.815119336502509
4.181672669067627,-4.135612332089099
4.185674269707883,-3.4076576126994818
4.18967587034814,-1.9033211564381256
4.193677470988396,-0.6088981158671288
4.197679071628651,-0.1451497001688361
4.201680672268908,-0.5159884054108655
4.205682272909164,-1.2007675615337814
4.2096838735494195,-1.5618692063018347
4.213685474189676,-1.2575157794861607
4.217687074829932,-0.5325719735173331
4.221688675470189,-0.029337287736056088
4.225690276110444,-0.2897194332404285
4.2296918767507,-1.505258786223906
4.233693477390957,-2.814658007888474
4.237695078031213,-3.4611772370423646
4.2416966786714685,-2.973693721737098
4.245698279311725,-1.8925881509413474
4.249699879951981,-0.50243974849826
4.253701480592237,0.15431501518234708
4.257703081232493,0.11213876843667714
4.261704681872749,-0.3071982592693433
4.265706282513006,-0.5530852884930281
4.269707883153261,-0.20251205118233476
4.2737094837935174,0.5108723069215322
4.277711084433774,0.963487092415198
4.28171268507403,0.8695513951812786
4.285714285714286,0.3017635159949899
4.289715886354542,-0.39333188633977
4.293717486994798,-0.46033495189923157
4.297719087635055,0.058338737252930394
4.30172068827531,0.596474743336754
4.305722288915566,0.6855926926220288
4.309723889555823,-0.20266188820532738
4.313725490196078,-1.6925925078436426
4.3177270908363345,-2.678869929622124
4.321728691476591,-2.433261352951815
4.325730292116847,-0.560987125521747
4.329731892757103,1.8997868175702226
4.333733493397359,3.90837229301215
4.337735094037615,4.01607758968092
4.341736694677872,2.4657242190853084
4.345738295318127,0.037935720475819806
4.3497398959583835,-1.8260936665474101
4.35374149659864,-2.1266758917303776
4.357743097238895,-1.0123141066918446
4.361744697879152,0.7677481521185381
4.365746298519408,1.8863235309076127
4.369747899159664,1.6755940796662574
4.37374949979992,0.128425964070312
4.377751100440176,-1.465764051073937
4.3817527010804325,-2.3594497236760583
4.385754301720689,-2.2145924460929067
4.389755902360944,-1.461056889448377
4.393757503001201,-0.5371757781656936
4.397759103641457,-0.07362539745054679
4.401760704281713,0.22517265794768448
4.405762304921969,0.4766846890859002
4.409763905562225,1.096861290077159
4.413765506202481,1.492212767661413
4.417767106842737,1.272980484865815
4.421768707482993,0.031133378332782714
4.42577030812325,-1.8424516822149781
4.429771908763506,-3.6045549168179405
4.433773509403761,-4.1216010984932545
4.437775110044018,-3.2180545259073057
4.441776710684274,-1.2631503523867909
4.44577831132453,0.39931096135535554
4.449779911964786,0.6225400884555228
4.453781512605042,-0.8494278306457397
4.4577831132452985,-2.877414222579602
4.461784713885554,-4.389988609586922
4.46578631452581,-4.078586967715842
4.469787915166067,-2.223538525010318
4.473789515806323,0.09559196555198657
4.4777911164465785,1.7014749613393056
4.481792717086835,1.3896915406641437
4.485794317727091,-0.24181911818484955
4.4897959183673475,-2.314457335174827
4.493797519007603,-3.452997144084179
4.497799119647859,-3.3438329591399443
4.501800720288116,-2.5093970220403086
4.505802320928372,-1.7914094346103873
4.509803921568627,-1.9828150689471737
4.513805522208884,-2.5672044016280924
4.51780712284914,-3.3805638252671586
4.5218087234893956,-3.165591142244972
4.525810324129652,-2.0129007932525984
4.529811924769908,-0.492251493797292
4.533813525410165,0.2731819217256948
4.53781512605042,0.23262376710965338
4.541816726690676,-0.7036559146376222
4.545818327330933,-1.8823105891003538
4.549819927971189,-1.8481246263737778
4.5538215286114445,-0.9707513700128443
4.557823129251701,0.19495154155328986
4.561824729891957,0.786607281097592
4.565826330532213,0.1115148633628798
4.569827931172469,-1.397808441578037
4.573829531812725,-2.637848853916785
4.577831132452982,-2.8760546839312355
4.581832733093237,-1.8489452407532498
4.5858343337334935,-0.43212236011716293
4.58983593437375,0.6307155779240956
4.593837535014006,0.4787928463424219
4.597839135654262,-0.3226594756306417
4.601840736294518,-0.8460459024035674
4.605842336934774,-0.4282787845212828
4.609843937575031,1.299048661191598
4.613845538215286,3.1992447406221887
4.617847138855542,4.105439532794725
4.621848739495799,3.0224683310464537
4.625850340136054,0.7592520386891076
4.629851940776311,-1.559166235780628
4.633853541416567,-2.407796749732224
4.637855142056823,-1.1827716320940758
4.641856742697079,1.1384365362243716
4.645858343337335,3.1295940134348132
4.649859943977591,3.5208344687916893
4.653861544617848,2.3434865675436822
4.657863145258103,0.36774916104875643
4.6618647458983595,-0.9672255161144677
4.665866346538616,-0.5759773300364115
4.669867947178871,1.0957145881704986
4.673869547819128,3.1345357079194747
4.677871148459384,4.323834173797442
4.68187274909964,4.331424340345994
4.685874349739896,3.4529754460937796
4.689875950380152,2.5236665644514336
4.6938775510204085,1.9616043764609012
4.697879151660665,2.02978471827819
4.70188075230092,1.834596563689735
4.705882352941177,1.1153182616496007
4.709883953581433,0.008270992690803978
4.713885554221688,-0.666914707583237
4.717887154861945,-0.0891560269669716
4.721888755502201,1.6303322167704781
4.7258903561424574,3.6409285396999422
4.729891956782713,4.713376853937146
4.733893557422969,3.8530637765796834
4.737895158063226,1.9197493909068128
4.741896758703482,-0.33113875447459323
4.745898359343737,-0.9708103258455963
4.749899959983994,0.40252542008281966
4.75390156062425,2.8421200947212055
4.757903161264506,5.220550895345698
4.761904761904762,5.50834551889423
4.765906362545018,3.6507700907498815
4.7699079631852745,0.4441438169639907
4.77390956382553,-2.144614081570617
4.777911164465786,-2.7635031504730585
4.781912765106043,-1.5028279219894392
4.785914365746299,0.5828215384180239
4.7899159663865545,2.2435776632971645
4.793917567026811,2.530137139242244
4.797919167667067,1.6037747116671939
4.8019207683073235,0.5893310696449425
4.805922368947579,0.3907303010339404
4.809923969587835,1.0380299701604359
4.813925570228092,1.932783330390676
4.817927170868347,2.140272372048385
4.821928771508603,1.329967492159202
4.82593037214886,0.16927049013776718
4.829931972789116,-0.7460727350148667
4.833933573429372,-0.3857632932942494
4.837935174069628,0.5522868118167489
4.841936774709884,1.3925557496731362
4.845938375350141,1.1172905883568731
4.849939975990396,-0.2956784265314465
4.853941576630652,-2.1828912117326844
4.857943177270909,-2.993593395590925
4.861944777911165,-2.279437423097034
4.8659463785514205,-0.2585582732917536
4.869947979191677,2.050087636038459
4.873949579831933,3.024652324337413
4.877951180472189,2.3024521095705297
4.881952781112445,0.5149858477362653
4.885954381752701,-1.012106446615612
4.889955982392958,-1.2285255509741442
4.893957583033213,-0.07296165874582018
4.8979591836734695,1.366943069198305
4.901960784313726,1.725036080745856
4.905962384953982,0.49197596631586293
4.909963985594238,-1.3826772647982408
4.913965586234494,-2.9444476013964826
4.91796718687475,-3.0586188967886745
4.921968787515006,-1.2799780323043723
4.925970388155262,0.8542015411597149
4.9299719887955185,2.265623792451917
4.933973589435775,1.93824485395833
4.93797519007603,0.29038116419777626
4.941976790716287,-1.313057529291696
4.945978391356543,-1.7311161821970622
4.949979991996799,-0.4436789511211991
4.953981592637055,1.5337151467144217
4.957983193277311,3.1697516847000546
4.961984793917567,3.0800620652725352
4.965986394557824,1.545330365801498
4.969987995198079,-0.6504627790731747
4.9739895958383356,-1.9803269162264605
4.977991196478592,-2.029024282713192
4.981992797118847,-1.2115187660550735
4.985994397759104,-0.2277810305754016
4.98999599839936,-0.06159704858292163
4.993997599039616,-0.3569375107066328
4.997999199679872,-0.6067978889061054
5.002000800320128,-0.05188175353267926
5.0060024009603845,1.280370136968741
5.010004001600641,2.420543123094247
5.014005602240896,2.6640751300753376
5.018007202881153,1.3504668916230176
5.022008803521409,-0.5270966131521017
5.0260104041616644,-1.8949327505323574
5.030012004801921,-1.7071962038245598
5.034013605442177,0.07349177218955472
5.0380152060824335,2.282090161507479
5.042016806722689,3.177089051079044
5.046018407362945,2.03309148809425
5.050020008003202,-0.7471844498404416
5.054021608643458,-3.6972007612854676
5.058023209283713,-4.988009152012665
5.06202480992397,-3.6974844611963325
5.066026410564226,-0.6190189706180514
5.070028011204482,2.167086073305334
5.074029611844738,3.494022367789034
5.078031212484994,2.6043384811402492
5.082032813125251,0.5891408922805739
5.086034413765506,-1.2891722640013858
5.090036014405762,-1.9968241764544192
5.094037615046019,-1.4557261115104732
5.098039215686275,-0.3975666021785356
5.1020408163265305,0.05856289891692332
5.106042416966787,-0.39920055146800437
5.110044017607043,-1.4151749246017713
5.1140456182472995,-2.1257665362776996
5.118047218887555,-1.8718655923267662
5.122048819527811,-1.4179079695893737
5.126050420168068,-1.026751691929075
5.130052020808323,-1.5245286011475163
5.1340536214485795,-2.549068497910926
5.138055222088836,-3.5062055188396197
5.142056822729092,-3.1728864375942187
5.146058423369348,-1.5079588615255364
5.150060024009604,0.7917745124671492
5.15406162464986,2.129343594252572
5.158063225290117,1.6439979702563319
5.162064825930372,-0.5236705158199003
5.166066426570628,-3.2692426071950074
5.170068027210885,-4.786500725921878
5.17406962785114,-4.560001753158425
5.178071228491397,-2.813799365418574
5.182072829131653,-0.8960950160994898
5.186074429771909,-0.31799875070042916
5.190076030412165,-1.3991229491608965
5.194077631052421,-3.2105620282031984
5.198079231692677,-4.415001399713945
5.202080832332934,-4.210748568955355
5.206082432973189,-2.454909383934261
5.2100840336134455,-0.42912614398386706
5.214085634253702,0.567506029208583
5.218087234893958,0.03996962081044385
5.222088835534214,-1.4565353800955836
5.22609043617447,-2.6461085494127445
5.230092036814726,-2.7226081547580887
5.234093637454982,-1.667535234587791
5.238095238095238,-0.44667376967515016
5.2420968387354945,-0.013039737867720544
5.246098439375751,-1.0751211218007144
5.250100040016006,-2.902897837735399
5.254101640656263,-4.326330058887007
5.258103241296519,-4.441425020041395
5.262104841936775,-3.1824301814854628
5.266106442577031,-1.2168160339169272
5.270108043217287,0.1047273980140001
5.274109643857543,0.2697874849372572
5.278111244497799,-0.39961221918841117
5.282112845138055,-1.0223822662524322
5.286114445778312,-0.9443870282012
5.290116046418568,-0.20634805925960126
5.294117647058823,0.6472112846649046
5.29811924769908,0.7087604143778676
5.302120848339336,-0.07282526138421308
5.306122448979592,-1.435721618244943
5.310124049619848,-2.294953473447255
5.314125650260104,-1.6883950142096191
5.3181272509003605,-0.24605876594949933
5.322128851540617,1.2017094283439458
5.326130452180872,1.398602374903958
5.330132052821129,0.18019862673539355
5.334133653461385,-1.777433275056218
5.3381352541016405,-3.022552045270868
5.342136854741897,-2.2514691850687547
5.346138455382153,0.18754291539796109
5.3501400560224095,3.2766785118044743
5.354141656662665,5.049666226774069
5.358143257302921,4.734973201635815
5.362144857943178,2.5304870000162967
5.366146458583434,-0.1577009769060793
5.370148059223689,-1.8072102056631667
5.374149659863946,-1.624860269278389
5.378151260504202,-0.09673223262502263
5.382152861144458,1.6368620047483122
5.386154461784714,2.5295730501890574
5.39015606242497,2.180497039284832
5.394157663065227,1.1055599032758008
5.398159263705482,0.31387896847451985
5.402160864345738,0.227890635560284
5.406162464985995,1.1053399970828446
5.410164065626251,1.5825146409293755
5.4141656662665065,1.9701817226985532
5.418167266906763,1.8315133250067854
5.422168867547019,1.9292583626308504
5.4261704681872756,2.6495867508375843
5.430172068827531,3.730060476537105
5.434173669467787,4.57009516800479
5.438175270108044,4.18112326824295
5.442176870748299,2.45728007741795
5.4461784713885555,0.038300634191903785
5.450180072028812,-1.6742785456084313
5.454181672669068,-1.7768201520985227
5.458183273309324,-0.007564241967440474
5.46218487394958,2.6030335048630624
5.466186474589836,4.437079421881869
5.470188075230093,4.418644038799776
5.474189675870348,2.9497875274729344
5.4781912765106044,0.8454931609401886
5.482192877150861,-0.16984723875814198
5.486194477791116,0.4164345999152968
5.490196078431373,2.3243394465610754
5.494197679071629,4.14395706280123
5.498199279711885,4.853736752550956
5.502200880352141,4.105289627457549
5.506202480992397,2.277786176983805
5.510204081632653,0.7013399530354334
5.51420568227291,0.1186412054908256
5.518207282913165,0.4417917066726811
5.5222088835534215,1.2718796237477892
5.526210484193678,1.3874761600956882
5.530212084833934,1.0324719546252925
5.53421368547419,0.36543550866194713
5.538215286114446,0.323028956341179
5.542216886754702,0.902565491200384
5.546218487394958,2.2868074366808577
5.550220088035214,3.408350969394334
5.5542216886754705,3.582354841899288
5.558223289315727,2.667618670315127
5.562224889955982,1.3958014739099038
5.566226490596239,0.5844157814276605
5.570228091236495,0.6056553243990991
5.574229691876751,1.333402900648091
5.578231292517007,1.9760378810837567
5.582232893157263,1.790358456312737
5.5862344937975195,0.7392626165252856
5.590236094437775,-0.5395666576754369
5.594237695078031,-1.2161486749071484
5.598239295718288,-0.7726024934632881
5.602240896358544,0.41169559920556953
5.606242496998799,1.4154120327877762
5.610244097639056,1.59022981519195
5.614245698279312,0.9789500000858966
5.618247298919568,-0.05607782280589247
5.622248899559824,-0.3755959729991056
5.62625050020008,0.3334544545097379
5.630252100840337,1.8524041900795936
5.634253701480592,3.0096021887711046
5.638255302120848,2.934223207792766
5.642256902761105,1.2099408327628076
5.646258503401361,-1.1735122345431421
5.6502601040416165,-3.087463759165219
5.654261704681873,-3.4464148629072118
5.658263305322129,-2.3341930616595232
5.6622649059623855,-0.5285711304614272
5.666266506602641,0.9500259423666583
5.670268107242897,1.249840524309568
5.674269707883154,0.3502554322702489
5.67827130852341,-0.9973455957305835
5.6822729091636655,-1.803217815713522
5.686274509803922,-1.7869758255918373
5.690276110444178,-0.916208558337859
5.694277711084434,-0.1816447847508908
5.69827931172469,0.46762544463018973
5.702280912364946,0.3102961610363576
5.706282513005203,-0.13679601987314882
5.710284113645458,-0.46310272319703605
5.714285714285714,-0.8277653440268913
5.718287314925971,-1.5126181670496652
5.722288915566227,-2.4625024268290683
5.7262905162064826,-3.581157200439683
5.730292116846739,-4.471057726701252
5.734293717486995,-4.08844092348191
5.738295318127251,-2.805247704980704
5.742296918767507,-0.7495165687358732
5.746298519407763,0.8713631243234543
5.75030012004802,1.2062146779403087
5.754301720688275,0.0013377144733543265
5.7583033213285315,-1.9839155003875673
5.762304921968788,-3.6208343973700794
5.766306522609044,-3.9438436398137244
5.7703081232493,-2.777773860537634
5.774309723889556,-0.9229891307739704
5.778311324529812,0.36129061123334527
5.782312925170069,0.2905745389763286
5.786314525810324,-1.0880507573473643
5.7903161264505805,-3.258662207503242
5.794317727090837,-4.680448597792541
5.798319327731092,-4.949389046071785
5.802320928371349,-4.220418489128157
5.806322529011605,-2.763802178721515
5.810324129651861,-1.6242393713189858
5.814325730292117,-0.8638774234001865
5.818327330932373,-0.7132881496123378
5.822328931572629,-0.7641306792809912
5.826330532212886,-0.7965383996295734
5.830332132853141,-0.8074627672938516
5.834333733493398,-0.8907675606268266
5.838335334133654,-1.4146173197639282
5.842336934773909,-2.169142691253898
5.846338535414166,-2.5473201756724637
5.850340136054422,-2.272537617870695
5.854341736694678,-1.7452996825555078
5.858343337334934,-1.1130615050046706
5.86234493797519,-0.8657906831985301
5.8663465386154465,-1.3893313053247769
5.870348139255703,-2.128256457128297
5.874349739895958,-2.6360904015549345
5.878351340536215,-2.5089623834287162
5.882352941176471,-1.3617087623123083
5.886354541816727,0.05864104522231567
5.890356142456983,1.189707595308119
5.894357743097239,1.4368210404730883
5.8983593437374955,0.9428677193235074
5.902360944377751,0.1547137950240899
5.906362545018007,-0.2981544919571374
5.910364145658264,-0.2051969436143538
5.91436574629852,0.2236869452889063
5.918367346938775,0.524016926627635
5.922368947579032,0.22934607713440175
5.926370548219288,-0.539676731951623
5.9303721488595444,-1.2314797209455264
5.9343737494998,-1.4836882144862196
5.938375350140056,-0.8183847402494472
5.942376950780313,0.5531456761367167
5.946378551420568,1.9271763345359343
5.950380152060824,2.55032086779831
5.954381752701081,2.525007493129716
5.958383353341337,1.7430602969691582
5.9623849539815925,1.0471655747244972
5.966386554621849,0.8307251110206186
5.970388155262105,1.1879940789087928
5.9743897559023615,1.8327886170200034
5.978391356542617,2.538767542422916
5.982392957182873,2.56470009331206
5.98639455782313,2.150565968240682
5.990396158463386,1.5287280079826147
5.9943977591036415,0.7654862855448079
5.998399359743898,0.24272689567612088
6.002400960384154,-0.08925904979302614
6.00640256102441,0.066749330590222
6.010404161664666,0.42779337370121956
6.014405762304922,1.2509347890815576
6.018407362945179,2.5040850339334946
6.022408963585434,3.64485622815467
6.02641056422569,4.199578172339317
6.030412164865947,3.9569864280863434
6.034413765506203,2.8754899086855956
6.038415366146459,1.500254101811988
6.042416966786715,0.1973733598201579
6.046418567426971,-0.1009016235599552
6.050420168067227,0.485602449202493
6.054421768707483,1.6961269480215229
6.058423369347739,2.694189337643096
6.062424969987996,2.7788265676872843
6.066426570628251,1.835077010616962
6.0704281712685075,0.2242676313785037
6.074429771908764,-1.0846614501884086
6.07843137254902,-1.6485330770827893
6.082432973189276,-1.0389741220248638
6.086434573829532,0.477099529909832
6.090436174469788,2.1883291603861905
6.094437775110045,3.301747429081598
6.0984393757503,3.508229788318325
6.1024409763905565,2.9445501388501474
6.106442577030813,1.4196453224333871
6.110444177671068,0.015831292857918858
6.114445778311325,-1.1301553936701794
6.118447378951581,-1.5259620826762466
6.122448979591837,-1.3712550399210033
6.126450580232093,-0.7009190155044533
6.130452180872349,-0.1499052508564777
6.1344537815126055,0.2637408841071297
6.138455382152862,0.29074701795135216
6.142456982793117,-0.26435568259356135
6.146458583433374,-1.0303828061432183
6.15046018407363,-1.5931603058396575
6.154461784713885,-1.7501877028684065
6.158463385354142,-1.1881308180224976
6.162464985994398,-0.31169290823436935
6.166466586634654,0.7635454406821016
6.17046818727491,1.3436006095264503
6.174469787915166,1.2147324650570748
6.1784713885554225,0.29078166875800193
6.182472989195679,-0.8687165275330725
6.186474589835934,-1.9930252197009883
6.190476190476191,-2.5657242272367378
6.194477791116447,-2.7449433494008715
6.1984793917567025,-2.3834795068092687
6.202480992396959,-1.8490426601462628
6.206482593037215,-1.5007047262327562
6.2104841936774715,-1.1218600147646987
6.214485794317727,-0.9919698286903129
6.218487394957983,-1.1640466656153292
6.22248899559824,-1.0796817619628467
6.226490596238496,-0.9032737107779235
6.230492196878751,-0.513508095112643
6.234493797519008,-0.30641576714650787
6.238495398159264,-0.10801584971044763
6.2424969987995205,-0.21358595390098345
6.246498599439776,-0.4678745978509119
6.250500200080032,-0.8211934606827106
6.254501800720289,-1.277593494571728
6.258503401360544,-1.4216811107918303
6.2625050020008,-1.523848911800197
6.266506602641057,-1.4574211145500808
6.270508203281313,-1.3188235623866824
6.2745098039215685,-1.4172124606471779
6.278511404561825,-1.5082206269897205
6.282513005202081,-1.5063367014123903
6.286514605842338,-1.2348239741581402
6.290516206482593,-0.573086579104231
6.294517807122849,0.5364769739687667
6.298519407763106,1.382913094224261
6.302521008403361,1.9529829948170634
6.3065226090436175,1.8215035877416215
6.310524209683874,0.9188583517652149
6.31452581032413,-0.27219120471722286
6.318527410964386,-1.1502751495072874
6.322529011604642,-1.5048096558357111
6.326530612244898,-1.094697654224437
6.330532212885155,-0.3989417296940345
6.33453381352541,0.22468377318170252
6.3385354141656665,0.7754163910673861
6.342537014805923,0.6936290983639226
6.346538615446179,0.1462624234586377
6.350540216086435,-0.31054135095283397
6.354541816726691,-0.679288061881802
6.358543417366947,-0.3466238503803927
6.362545018007203,0.16060617376907693
6.366546618647459,1.1137929022355737
6.370548219287715,2.1399419103756623
6.374549819927972,2.892162886566053
6.378551420568227,3.018956908314385
6.382553021208484,2.3882812273479943
6.38655462184874,0.8735237711652064
6.390556222488996,-0.5183931184909772
6.394557823129252,-2.027046391073569
6.398559423769508,-2.2918848374039174
6.402561024409764,-1.5958527699769838
6.40656262505002,-0.04391221946691076
6.410564225690276,1.5241796863463548
6.4145658263305325,2.4231136272966416
6.418567426970789,2.190545622326495
6.422569027611044,1.093892138979869
6.426570628251301,-0.4088223227173342
6.430572228891557,-1.2360604067776906
6.434573829531813,-0.8056165487851771
6.438575430172069,0.420756847847966
6.442577030812325,1.8734511719368838
6.4465786314525815,2.765040683669633
6.450580232092838,2.5294964635827673
6.454581832733093,1.4524005684622077
6.45858343337335,-0.24408113275832827
6.462585034013606,-1.5216873855342548
6.466586634653861,-2.1074269843326365
6.470588235294118,-2.1471523471204446
6.474589835934374,-1.6897129237750939
6.47859143657463,-0.9612892257369772
6.482593037214886,-0.1361251455930213
6.486594637855142,0.5965442535494442
6.490596238495399,1.076428351909626
6.494597839135655,1.2300116520162816
6.49859943977591,1.0470271485389586
6.502601040416167,0.3497375370935691
6.506602641056423,-0.3715797661263952
6.5106042416966785,-0.8266847822070094
6.514605842336935,-0.602370289054931
6.518607442977191,-0.04816614117200231
6.5226090436174475,0.8037659912850648
6.526610644257703,1.1250367336416451
6.530612244897959,0.31815006028584425
6.534613845538216,-0.8073143980522082
6.538615446178472,-2.0839854824425643
6.5426170468187275,-2.7486166901115583
6.546618647458984,-2.214474475707018
6.55062024809924,-0.8855336828489379
6.5546218487394965,0.4998243242894346
6.558623449379752,1.3066143444748615
6.562625050020008,1.3348201915757436
6.566626650660265,0.8012678130348287
6.57062825130052,0.3770024593050725
6.574629851940776,0.351615717146633
6.578631452581033,1.0502317510028012
6.582633053221289,1.5010379260124163
6.586634653861545,1.5170040154195605
6.590636254501801,0.7895668535367005
6.594637855142057,-0.5651898570166424
6.598639455782314,-1.3565124524919256
6.602641056422569,-1.3808725396860873
6.606642657062825,-0.4822202852744954
6.610644257703082,0.5536817834231909
6.614645858343337,1.4751615877726088
6.6186474589835935,1.532875040413305
6.62264905962385,0.9941607184390652
6.626650660264106,0.4610627241883719
6.630652260904362,0.3814511678059533
6.634653861544618,1.0138703932669093
6.638655462184874,2.0616247578980826
6.642657062825131,2.692305261070627
6.646658663465386,2.8440626849362785
6.6506602641056425,2.5502439512889565
6.654661864745899,1.9016641272619772
6.658663465386155,1.6001197322688963
6.662665066026411,1.5134411117904818
6.666666666666667,1.0066772599736888
6.670668267306923,0.6070285956990561
6.674669867947179,-0.18806318807600114
6.678671468587435,-0.5909865051249485
6.682673069227691,-0.2616051223457849
6.686674669867948,1.105237236600983
6.690676270508203,2.9819523877742165
6.69467787114846,4.163297072139732
6.698679471788716,4.2973826804807995
6.702681072428972,2.8753497955880523
6.706682673069228,1.0738682035355211
6.710684273709484,-0.3906812432021237
6.71468587434974,-0.3319194394516935
6.718687474989996,1.0540475900810284
6.722689075630252,2.8733195276079693
6.7266906762705085,3.916627882173959
6.730692276910765,3.494345434183103
6.73469387755102,1.6115941099783493
6.738695478191277,-0.8871953764039568
6.742697078831533,-2.451740030580621
6.746698679471789,-2.4193267591574124
6.750700280112045,-1.2822498148605013
6.754701880752301,0.3555692592906305
6.7587034813925575,1.698405339857992
6.762705082032813,2.089004924709689
6.766706682673069,1.7890335670018855
6.770708283313326,1.14883022105505
6.774709883953582,0.7485058150897742
6.778711484593837,0.39070596413071884
6.782713085234094,-0.18033267811945594
6.78671468587435,-0.9865952033469831
6.7907162865146065,-1.7533158300804903
6.794717887154862,-2.199169186900812
6.798719487795118,-1.7690139313610183
6.802721088435375,-0.9652588684999986
6.806722689075631,-0.4156143723013803
6.810724289715886,-0.604455461654199
6.814725890356143,-1.9159664336181288
6.818727490996399,-3.740296075162044
6.8227290916366545,-4.995723393998471
6.826730692276911,-4.792841603477967
6.830732292917167,-3.041874576763069
6.834733893557424,-0.7446386903976575
6.838735494197679,0.9041485442672751
6.842737094837935,0.8587438768854246
6.846738695478192,-0.937458210471323
6.850740296118448,-3.2368531211983917
6.8547418967587035,-4.820852987326023
6.85874349739896,-4.9654067480138995
6.862745098039216,-4.134883208411839
6.866746698679472,-2.9673580944593083
6.870748299319728,-2.5846644706848934
6.874749899959984,-3.4007972086249296
6.878751500600241,-4.734059406697803
6.882753101240496,-5.407942938841982
6.8867547018807524,-5.123764354191595
6.890756302521009,-3.8448535205562964
6.894757903161265,-2.7100909068944645
6.898759503801521,-2.2275412292853587
6.902761104441777,-2.6305001052464463
6.906762705082033,-3.418657710739823
6.91076430572229,-3.8996025952781825
6.914765906362545,-3.3805061818314086
6.918767507002801,-2.327329460064877
6.922769107643058,-1.5278105183292352
6.926770708283313,-1.6367995458521114
6.9307723089235695,-2.695644701743794
6.934773909563826,-4.225904370204558
6.938775510204082,-5.0864657725409925
6.942777110844338,-4.829974527446865
6.946778711484594,-3.674735425504617
6.95078031212485,-2.43168865885071
6.954781912765107,-1.9174157700563932
6.958783513405362,-2.0720304060569887
6.9627851140456185,-2.456689501540572
6.966786714685875,-2.2958320971755026
6.97078831532613,-1.1967557235511002
6.974789915966387,0.3176418903379062
6.978791516606643,1.4700912582684889
6.982793117246899,1.1460994239288242
6.986794717887155,-0.10886177275635969
6.990796318527411,-1.8613509329472264
6.9947979191676675,-2.606540688258449
6.998799519807924,-1.8082568996203146
7.002801120448179,0.18367987297960667
7.006802721088436,2.0952051318141613
7.010804321728692,2.5479043882020282
7.014805922368948,1.3347189590782849
7.018807523009204,-0.7085351804186413
7.02280912364946,-2.242025051906807
7.026810724289716,-1.9421865194508228
7.030812324929972,0.16449283231254394
7.034813925570228,3.058135821107337
7.038815526210485,5.2898295491813965
7.042817126850741,5.660912185829431
7.046818727490996,4.588821254768196
7.050820328131253,2.938505483624692
7.054821928771509,1.6568426820962239
7.058823529411765,1.5500135216879998
7.062825130052021,2.1358731559135005
7.066826730692277,2.6825403793377722
7.0708283313325335,2.837814280932869
7.074829931972789,2.5431977946252364
7.078831532613045,2.5025381770121444
7.082833133253302,2.881715143071332
7.086834733893558,3.7286181283727706
7.0908363345338135,4.414138636499644
7.09483793517407,4.326566167695161
7.098839535814326,3.260878909291798
7.1028411364545825,2.090590904568204
7.106842737094838,1.8934302697172944
7.110844337735094,3.1733074961673378
7.114845938375351,5.577705436188067
7.118847539015607,7.530775904151809
7.122849139655862,7.818440647796817
7.126850740296119,5.881586409957957
7.130852340936375,2.7805979677606314
7.1348539415766306,0.017634811268146207
7.138855542216887,-0.8697383025049094
7.142857142857143,0.5455930295949759
7.1468587434974,2.9351568675313557
7.150860344137655,4.976151665084647
7.154861944777911,5.242791481025969
7.158863545418168,3.846273968920635
7.162865146058424,2.022391799692474
7.1668667466986795,0.8725494137863006
7.170868347338936,1.273503393701768
7.174869947979192,2.587417913018064
7.178871548619448,3.899311968195739
7.182873149259704,4.148631153522311
7.18687474989996,3.4206347279281437
7.190876350540217,2.014616579809557
7.194877951180472,1.1834497331721516
7.1988795518207285,1.2371351248270381
7.202881152460985,1.6566191836101058
7.206882753101241,1.5893070903297652
7.210884353741497,0.5373817544162882
7.214885954381753,-0.8124134001246758
7.218887555022009,-2.010343408918138
7.222889155662265,-1.9943771384864948
7.226890756302521,-0.7197371597970524
7.230892356942777,1.218076684699778
7.234893957583034,2.482903547334867
7.238895558223289,2.133940236764333
7.242897158863546,0.7841932476136368
7.246898759503802,-0.9992762299844817
7.250900360144058,-1.5432724381160225
7.254901960784314,-0.926335588929831
7.25890356142457,0.39011424620714735
7.262905162064826,1.2269829765447426
7.266906762705083,0.6275162778502779
7.270908363345338,-1.3047340267305885
7.2749099639855945,-3.0914328378564893
7.278911564625851,-3.9464970772230146
7.282913165266106,-3.0776134757296116
7.286914765906363,-1.3856658905922359
7.290916366546619,0.07485222289894253
7.294917967186875,0.11413266924530195
7.298919567827131,-1.2570105590415983
7.302921168467387,-2.901743428861003
7.3069227691076435,-3.598188366171362
7.3109243697479,-2.3606727073048215
7.314925970388155,-0.1422607078710928
7.318927571028412,2.028106280836469
7.322929171668668,2.3937766212146774
7.326930772308923,0.8550760508175131
7.33093237294918,-1.7279152777848898
7.334933973589436,-3.695708514663771
7.3389355742296924,-4.36703202158406
7.342937174869948,-3.2525894847201617
7.346938775510204,-1.5842365952491682
7.350940376150461,-0.37381489774114024
7.354941976790717,-0.38377297240721414
7.358943577430972,-1.1354489035758035
7.362945178071229,-1.6879293617865567
7.366946778711485,-1.472966756531049
7.370948379351741,-0.6594803427176453
7.374949979991997,0.36745450666155277
7.378951580632253,0.4262308076723679
7.3829531812725095,-0.23713021944316204
7.386954781912765,-0.8996447948581658
7.390956382553021,-0.8834514608693658
7.394957983193278,0.3137679429292005
7.398959583833534,1.7347807846237908
7.4029611844737895,2.4128721458762548
7.406962785114046,1.466491643281643
7.410964385754302,-0.9966781766070825
7.4149659863945585,-3.6839030370119548
7.418967587034814,-4.692957140480074
7.42296918767507,-3.554695726107835
7.426970788315327,-0.5342982822904552
7.430972388955582,2.671308599214207
7.434973989595838,4.102636466801048
7.438975590236095,3.2622726143886056
7.442977190876351,0.7072196481394822
7.446978791516607,-1.6775469756016517
7.450980392156863,-2.368260581186712
7.454981992797119,-1.1705967322358861
7.458983593437376,1.074800107325606
7.462985194077631,2.4806934308162965
7.466986794717887,2.649049530605113
7.470988395358144,1.212401296506221
7.4749899959984,-0.6545476183908957
7.4789915966386555,-1.84119344280926
7.482993197278912,-1.8804243583533296
7.486994797919168,-1.2315871669578262
7.490996398559424,-0.7162904476829869
7.49499799919968,-0.6515188768805191
7.498999599839936,-1.3039012627713196
7.503001200480193,-1.235036461495707
7.507002801120448,-0.44072157212018626
7.5110044017607045,1.011305988727008
7.515006002400961,2.23305732944322
7.519007603041217,2.27098963967421
7.523009203681473,0.7390579840148109
7.527010804321729,-1.6121284714096884
7.531012404961985,-3.199305226809214
7.535014005602241,-3.1890248145851743
7.539015606242497,-1.8742284935879614
7.5430172068827535,-0.049118755709204945
7.54701880752301,0.6432899975093511
7.551020408163265,-0.2505629457722663
7.555022008803522,-2.475128145795827
7.559023609443778,-4.397377959335705
7.563025210084034,-4.835094867436434
7.56702681072429,-3.510641245597818
7.571028411364546,-1.2762619308962129
7.575030012004802,0.4830740822789474
7.579031612645059,0.5093106863046173
7.583033213285314,-0.8571954391938816
7.5870348139255706,-2.511858015808765
7.591036414565827,-3.102547527026483
7.595038015206082,-2.5392969385016477
7.599039615846339,-1.120773691030592
7.603041216486595,-0.2174359681767249
7.607042817126851,-0.8235498066789447
7.611044417767107,-2.7321503928039257
7.615046018407363,-4.689215433687628
7.6190476190476195,-5.687556910215278
7.623049219687876,-4.849980659482731
7.627050820328131,-2.722745950504093
7.631052420968388,-0.8274396017988136
7.635054021608644,-0.2692418307708419
7.6390556222488994,-1.0712358571913438
7.643057222889156,-2.3103691653346967
7.647058823529412,-3.1043288499649018
7.6510604241696685,-2.550712043797873
7.655062024809924,-1.216630097998798
7.65906362545018,-0.2647972051448696
7.663065226090437,0.020811491758543008
7.667066826730693,-0.8601297542637831
7.671068427370948,-1.95028321166845
7.675070028011205,-2.487872594106969
7.679071628651461,-1.9728574195388089
7.6830732292917165,-0.9720419016345664
7.687074829931973,-0.6445122894017902
7.691076430572229,-1.2643248146570674
7.695078031212486,-2.530082274077032
7.699079631852741,-3.501085263800402
7.703081232492997,-2.8363970825618545
7.707082833133254,-0.6693225522116574
7.71108443377351,2.215912341488212
7.7150860344137655,4.127075915915409
7.719087635054022,4.046401087624094
7.723089235694278,1.9915517120432444
7.7270908363345345,-0.8553589355006362
7.73109243697479,-2.2607729766524747
7.735094037615046,-1.9067296397944926
7.739095638255303,0.46040839362080505
7.743097238895558,2.8118478057918135
7.7470988395358145,3.963454467712317
7.751100440176071,3.3335098484744434
7.755102040816327,1.1879006034849833
7.759103641456583,-0.7900930525563014
7.763105242096839,-1.340355805569627
7.767106842737095,-0.3623465204428545
7.771108443377352,1.6062855436197725
7.775110044017607,3.091856017527191
7.779111644657863,3.9280447983669475
7.78311324529812,3.833654278746908
7.787114845938375,3.7246013276069228
7.791116446578632,3.7524017605720905
7.795118047218888,4.0769187538052
7.799119647859144,4.202169202193427
7.8031212484994,3.390757181357487
7.807122849139656,1.8627753457649898
7.811124449779912,0.6296168629103474
7.815126050420169,0.19682211978720862
7.819127651060424,1.47017207486311
7.8231292517006805,3.4160317237445788
7.827130852340937,4.846903758531716
7.831132452981193,4.781740252642511
7.835134053621449,3.264989729639674
7.839135654261705,1.1037918407941156
7.843137254901961,-0.0045959439149684846
7.847138855542217,0.7042996934208976
7.851140456182473,2.9196510001776455
7.8551420568227295,5.391503082108477
7.859143657462986,6.556231764267701
7.863145258103241,5.745961897179449
7.867146858743498,3.46216990589214
7.871148459383754,1.1545990625161702
7.87515006002401,0.08792532465079501
7.879151660664266,0.36876312303648745
7.883153261304522,1.6063538065626437
7.887154861944778,2.2213459707141814
7.891156462585034,2.042561117886129
7.89515806322529,1.01658046857485
7.899159663865547,0.03528432091338169
7.903161264505803,-0.10328792237078331
7.907162865146058,0.7968450049325192
7.911164465786315,2.282985115439031
7.915166066426571,3.0694551518183326
7.919167667066827,2.653554050932758
7.923169267707083,1.3507297620228023
7.927170868347339,0.21477190116171183
7.9311724689875955,-0.2983667962099846
7.935174069627852,0.3000394061734257
7.939175670268107,1.1855715067629682
7.943177270908364,1.590090239440829
7.94717887154862,0.7870213160261655
7.9511804721888755,-0.7947271037195893
7.955182072829132,-2.150120911226703
7.959183673469388,-2.66912726795268
7.9631852741096445,-1.9526509428095629
7.9671868747499,-0.8665383234027066
7.971188475390156,-0.07573297409573372
7.975190076030413,-0.2556502853804184
7.979191676670669,-0.9494866296343211
7.983193277310924,-1.3673984309987444
7.987194877951181,-1.0549123914363292
7.991196478591437,0.24617810111004007
7.995198079231693,1.3528211976868136
7.999199679871949,1.5641432984120114
8.003201280512204,0.311625196121659
8.00720288115246,-1.9200204357304578
8.011204481792717,-3.760575753712031
8.015206082432973,-4.173373630585246
8.01920768307323,-3.108205774208617
8.023209283713486,-0.8998773729665984
8.027210884353742,0.5834184127218881
8.031212484993999,0.7110082308756982
8.035214085634253,-0.7417983250407587
8.03921568627451,-2.6301866253428123
8.043217286914766,-3.7729605833305677
8.047218887555022,-3.262513919931474
8.051220488195279,-1.3869446214944459
8.055222088835535,0.8174327093052217
8.059223689475791,1.9007332193315118
8.063225290116046,2.024070261324314
8.067226890756302,0.9910342152701348
8.071228491396559,-0.27578769075817333
8.075230092036815,-1.2055315265868463
8.079231692677071,-1.5852355508895226
8.083233293317328,-1.6656301885974993
8.087234893957584,-1.6958894799397752
8.09123649459784,-1.9046681526216889
8.095238095238095,-1.6441651798343413
8.099239695878351,-0.915902685748187
8.103241296518608,0.38776041502532804
8.107242897158864,1.5691038218182602
8.11124449779912,1.949876078576901
8.115246098439377,1.0915741623829878
8.119247699079633,-0.24301392583990006
8.123249299719888,-1.4301784496797456
8.127250900360144,-1.1321140333571271
8.1312525010004,0.35424617377297496
8.135254101640657,2.4901331592787126
8.139255702280913,4.039453007944931
8.14325730292117,3.717705151326571
8.147258903561426,1.7736406459980625
8.15126050420168,-0.8125365933332367
8.155262104841936,-2.68873195858729
8.159263705482193,-2.9229812654992378
8.16326530612245,-1.5004590027883031
8.167266906762706,0.5422605821786204
8.171268507402962,2.1040336940057607
8.175270108043218,2.572187672690909
8.179271708683475,1.9006684424208953
8.183273309323729,1.0415654838185433
8.187274909963985,0.5998184418151237
8.191276510604242,0.8573867459509322
8.195278111244498,1.3101726847525386
8.199279711884754,1.6363472999160376
8.20328131252501,1.5010246146772817
8.207282913165267,0.9231777310050493
8.211284513805522,0.36190635075281796
8.215286114445778,0.23549888169070468
8.219287715086034,0.3468729166814192
8.22328931572629,0.4248996368075422
8.227290916366547,-0.054316340752038915
8.231292517006803,-0.9132711262777383
8.23529411764706,-1.6918404320598865
8.239295718287316,-1.979736417513101
8.24329731892757,-1.2093378687337513
8.247298919567827,0.08829703759840143
8.251300520208083,1.2675890541912525
8.25530212084834,1.6806614479734776
8.259303721488596,1.070695830699103
8.263305322128852,0.0006989296494793185
8.267306922769109,-0.9327909617958692
8.271308523409363,-1.1963281351284
8.27531012404962,-0.863532537178217
8.279311724689876,-0.5594670571122414
8.283313325330132,-0.7089301873779748
8.287314925970389,-1.6447772798723206
8.291316526610645,-2.9303450546184444
8.295318127250901,-3.7095686268960097
8.299319727891156,-3.5627971918960566
8.303321328531412,-2.543004434310676
8.307322929171669,-1.2909282385615282
8.311324529811925,-0.7261875801885679
8.315326130452181,-1.120804967443189
8.319327731092438,-2.091527290550832
8.323329331732694,-2.9505491901065812
8.32733093237295,-3.210449714376805
8.331332533013205,-2.409361596276504
8.335334133653461,-1.1326237870590954
8.339335734293718,-0.22974573763047948
8.343337334933974,-0.42103393291937424
8.34733893557423,-1.5194900268300404
8.351340536214487,-3.096676500387614
8.355342136854743,-4.474746461022305
8.359343737494997,-5.009933573135558
8.363345338135254,-4.867191770022838
8.36734693877551,-4.001182233771154
8.371348539415767,-3.188795795158618
8.375350140056023,-2.4348742120476627
8.37935174069628,-2.002285366493224
8.383353341336536,-1.5590769171387626
8.387354941976792,-1.2697976532034474
8.391356542617046,-1.3715462759010417
8.395358143257303,-1.8975935771562247
8.39935974389756,-2.5481256606060985
8.403361344537815,-3.068383241755071
8.407362945178072,-2.9042765579700593
8.411364545818328,-2.13256466441173
8.415366146458584,-0.9644335368401235
8.419367747098839,-0.18489572052671654
8.423369347739095,-0.4722316468358654
8.427370948379352,-1.756629257363354
8.431372549019608,-3.477043701083425
8.435374149659864,-4.731040939542454
8.43937575030012,-4.708839670806023
8.443377350940377,-3.2506799930629535
8.447378951580633,-0.9178221627375306
8.451380552220888,1.2285526418590844
8.455382152861144,2.261097333526249
8.4593837535014,2.0589406389835223
8.463385354141657,0.7596732459466657
8.467386954781913,-0.6065071567780916
8.47138855542217,-1.3186740092548581
8.475390156062426,-1.2164455764973667
8.47939175670268,-0.4645066727911958
8.483393357342937,0.4867592182408038
8.487394957983193,1.0704886379058232
8.49139655862345,1.1218038659806806
8.495398159263706,0.88803239033976
8.499399759903962,0.32146252603229736
8.503401360544219,-0.14910489781126307
8.507402961184473,-0.48369028432639793
8.51140456182473,-0.5070211066783534
8.515406162464986,0.0186638590408765
8.519407763105242,0.9973594405199805
8.523409363745499,2.312202704344184
8.527410964385755,3.3731468980020725
8.531412565026011,4.069605099110308
8.535414165666268,4.201131195723025
8.539415766306522,3.2706333390404474
8.543417366946779,2.199021115136684
8.547418967587035,1.1437455173337547
8.551420568227291,0.661266017442044
8.555422168867548,1.014327024492423
8.559423769507804,1.7934335696475134
8.56342537014806,2.5052744000115514
8.567426970788315,2.641267108957944
8.571428571428571,2.3591407549032932
8.575430172068828,1.8232583679194192
8.579431772709084,1.6127986390066458
8.58343337334934,1.91527655118107
8.587434973989597,2.59711742793072
8.591436574629853,3.386644364004041
8.59543817527011,3.85020218899896
8.599439775910364,4.0126150993112
8.60344137655062,3.6428553738911402
8.607442977190876,3.4034587391387032
8.611444577831133,3.131658901510186
8.61544617847139,2.823481106602478
8.619447779111646,2.875639759498122
8.623449379751902,2.526718962930581
8.627450980392156,2.215865620141014
8.631452581032413,1.6049698899040625
8.635454181672669,1.2315975130469823
8.639455782312925,0.9217295857014809
8.643457382953182,1.1798303690982883
8.647458983593438,1.738060148220483
8.651460584233694,2.4962969938541866
8.65546218487395,3.3302767804310616
8.659463785514205,3.7006952474357733
8.663465386154462,3.776407956547894
8.667466986794718,3.4277251993641835
8.671468587434974,2.7000588651451185
8.67547018807523,1.9757106488595164
8.679471788715487,1.275833955768302
8.683473389355743,1.1109296582332229
8.687474989995998,1.3508962746196163
8.691476590636254,1.8314531751057048
8.69547819127651,2.122998078287577
8.699479791916767,1.9468550835870742
8.703481392557023,1.3523114840474926
8.70748299319728,0.41569039250900963
8.711484593837536,-0.40365805407355
8.71548619447779,-0.6576457214089182
8.719487795118047,-0.15010395491612394
8.723489395758303,1.0942691959823516
8.72749099639856,2.411622745143883
8.731492597038816,3.433777724593675
8.735494197679072,3.633302485549806
8.739495798319329,3.1020881541813785
8.743497398959585,1.758535666993395
8.74749899959984,0.26827756472987474
8.751500600240096,-0.8892048064845511
8.755502200880352,-1.3506335817768444
8.759503801520609,-1.1381731672597721
8.763505402160865,-0.2405090652002561
8.767507002801121,0.7900342245962764
8.771508603441378,1.3573861714519464
8.775510204081632,1.1685353988468359
8.779511804721889,0.363152396510022
8.783513405362145,-0.8027745869871191
8.787515006002401,-1.6962367994958865
8.791516606642658,-1.7013951545082162
8.795518207282914,-0.6807893379674178
8.79951980792317,0.8196115012512418
8.803521408563427,2.2415605506154743
8.807523009203681,2.877976697831529
8.811524609843937,2.468311206565561
8.815526210484194,0.9032687501139971
8.81952781112445,-0.9875133762572952
8.823529411764707,-2.261826596898449
8.827531012404963,-2.88636432793192
8.83153261304522,-2.5078842502573426
8.835534213685474,-1.6025307258380987
8.83953581432573,-0.6827526781378791
8.843537414965986,-0.1481256396492523
8.847539015606243,-0.13221283671091044
8.8515406162465,-0.3330886178840522
8.855542216886755,-0.8706908887097838
8.859543817527012,-1.1510528308223027
8.863545418167266,-1.191929943713153
8.867547018807523,-1.0720005854451047
8.871548619447779,-0.6520154355532051
8.875550220088035,-0.2587554882496394
8.879551820728292,0.1322857289798553
8.883553421368548,0.18623372853105358
8.887555022008804,-0.21883481839037844
8.89155662264906,-1.0316681769993745
8.895558223289315,-2.161217560155181
8.899559823929572,-3.3803143900454664
8.903561424569828,-3.764666672648966
8.907563025210084,-3.418426296238549
8.91156462585034,-2.559555373169451
8.915566226490597,-1.5275221755234596
8.919567827130853,-0.9103145646213723
8.923569427771108,-0.8896089558435192
8.927571028411364,-1.3059092375008454
8.93157262905162,-1.6980281785443767
8.935574229691877,-1.7350806461198565
8.939575830332133,-1.3541306213142876
8.94357743097239,-0.9050857984446874
8.947579031612646,-0.8286286423554649
8.951580632252902,-1.3556773363732841
8.955582232893157,-2.3320080304437623
8.959583833533413,-3.3121848148388615
8.96358543417367,-3.685625430254992
8.967587034813926,-3.439407378164049
8.971588635454182,-2.7842367621695034
8.975590236094439,-2.146070517401424
8.979591836734695,-2.1399961440516493
8.98359343737495,-2.771790513489057
8.987595038015206,-3.289793393809011
8.991596638655462,-3.4961526783316206
8.995598239295719,-3.0858143582805124
8.999599839935975,-1.9908637824961302
9.003601440576231,-0.82451902825144
9.007603041216488,-0.2078918909993427
9.011604641856744,-0.4203491213299268
9.015606242496998,-1.1864609649475721
9.019607843137255,-2.2583342042438415
9.023609443777511,-3.0262821300572686
9.027611044417768,-3.461928248234586
9.031612645058024,-3.6531202092873376
9.03561424569828,-3.592619785592055
9.039615846338537,-3.4419383751186112
9.043617446978791,-2.9576671266900365
9.047619047619047,-2.2723160870706023
9.051620648259304,-1.4954075542634586
9.05562224889956,-0.8430981693930637
9.059623849539816,-0.8196640482613847
9.063625450180073,-1.559882752225232
9.06762705082033,-2.4072406611750408
9.071628651460584,-2.848875504886468
9.07563025210084,-2.278537339608496
9.079631852741096,-0.7454902730901656
9.083633453381353,0.9124199471110833
9.087635054021609,1.639127358158047
9.091636654661865,1.1472960022396372
9.095638255302122,-0.9651176631769183
9.099639855942378,-3.2037698113822004
9.103641456582633,-4.581030737139905
9.107643057222889,-4.46956526287735
9.111644657863145,-2.7466415607734658
9.115646258503402,-0.3884652316368022
9.119647859143658,1.2863889844585292
9.123649459783914,1.8498764955611064
9.12765106042417,1.2776498375793996
9.131652661064425,0.24484003246504227
9.135654261704682,-0.5189543624233282
9.139655862344938,-0.46341634795436426
9.143657462985194,0.0698739787128479
9.14765906362545,0.7819404149960447
9.151660664265707,1.1592901401986369
9.155662264905963,1.105622986895498
9.15966386554622,1.2202905191627436
9.163665466186474,1.1268103874888185
9.16766706682673,1.0568893174807283
9.171668667466987,0.6512315487376902
9.175670268107243,-0.12529423399316228
9.1796718687475,-0.9189442265740937
9.183673469387756,-1.2699038084846483
9.187675070028012,-0.6603784802775753
9.191676670668267,0.9473158519948225
9.195678271308523,2.9288175269869985
9.19967987194878,4.457475582028781
9.203681472589036,4.538615060268462
9.207683073229292,3.3386315035509146
9.211684673869549,1.6497404310352346
9.215686274509805,0.30699678604924074
9.219687875150061,0.38535794653092276
9.223689475790316,1.5443486738129466
9.227691076430572,2.8369311946044093
9.231692677070829,3.4800012097998536
9.235694277711085,2.889179584616443
9.239695878351341,1.4539240346844573
9.243697478991598,0.2650417907199756
9.247699079631854,-0.10103246553535977
9.251700680272108,0.6845688522248581
9.255702280912365,2.1117107993589914
9.259703881552621,3.2949262724184685
9.263705482192877,3.385377058150042
9.267707082833134,2.93423575692573
9.27170868347339,2.2466103608889707
9.275710284113647,2.280470404386902
9.279711884753901,2.9825764778691646
9.283713485394157,3.762067266191435
9.287715086034414,4.114351948031953
9.29171668667467,3.460208484067873
9.295718287314926,1.9264660689778734
9.299719887955183,0.5738412013927477
9.30372148859544,-0.1213717416930275
9.307723089235695,0.38524548547179865
9.31172468987595,1.5043607265054115
9.315726290516206,2.217371474623792
9.319727891156463,2.4897228493273404
9.323729491796719,1.965794076859053
9.327731092436975,1.6044786882454187
9.331732693077232,1.6262749195210695
9.335734293717488,2.4822845726576555
9.339735894357743,3.202453247419658
9.343737494997999,3.3682355164172573
9.347739095638255,2.6782360925658826
9.351740696278512,1.5477296903348472
9.355742296918768,0.6924694555356142
9.359743897559024,0.9691147070745154
9.36374549819928,1.9162634230595057
9.367747098839537,2.9345066812469884
9.371748699479792,2.7816539174056345
9.375750300120048,1.3992844847196682
9.379751900760304,-0.6573435636182049
9.38375350140056,-2.334583600897102
9.387755102040817,-2.3119727143538813
9.391756702681073,-0.43847208016903827
9.39575830332133,2.199043383732068
9.399759903961584,4.320869794564417
9.40376150460184,4.679396822864438
9.407763105242097,3.218863586041391
9.411764705882353,0.8681509296545376
9.41576630652261,-0.9118823846486566
9.419767907162866,-1.2197615675375428
9.423769507803122,-0.24196506900732645
9.427771108443377,1.0956427531617665
9.431772709083633,1.81291708911708
9.43577430972389,1.513300086435159
9.439775910364146,0.4465291516705768
9.443777511004402,-0.5435208828168445
9.447779111644659,-1.1244172750960706
9.451780712284915,-0.9179403098663579
9.455782312925171,-0.8044517038322118
9.459783913565426,-0.693451845884779
9.463785514205682,-0.8640892882855465
9.467787114845938,-0.7177041374597415
9.471788715486195,0.17549123870974498
9.475790316126451,1.5237904019201283
9.479791916766708,2.8345957854418393
9.483793517406964,2.95487069903549
9.487795118047218,1.434941244066677
9.491796718687475,-1.017196655659762
9.495798319327731,-3.272797741419676
9.499799919967987,-4.041755689310758
9.503801520608244,-2.919267327634974
9.5078031212485,-0.6305014278814047
9.511804721888756,1.1832411489881265
9.515806322529013,1.4095488633321958
9.519807923169267,-0.04953391330546464
9.523809523809524,-2.4942164420457518
9.52781112444978,-3.9990709199288
9.531812725090036,-3.745943855084078
9.535814325730293,-1.8408252443695352
9.539815926370549,0.361317375602124
9.543817527010805,1.6403640842293503
9.54781912765106,1.4298394111958337
9.551820728291316,-0.027627097572039704
9.555822328931573,-1.6176577800986154
9.559823929571829,-2.3615308883850092
9.563825530212085,-2.0881225546848614
9.567827130852342,-1.5748873663692895
9.571828731492598,-1.576561961375061
9.575830332132854,-2.341411268274587
9.579831932773109,-3.518257793144578
9.583833533413365,-4.05090298054401
9.587835134053622,-3.4585260469918873
9.591836734693878,-2.041183407957788
9.595838335334134,-0.6505274961206368
9.59983993597439,-0.1735946384553676
9.603841536614647,-0.8322235883308642
9.607843137254902,-2.074349017187308
9.611844737895158,-3.0721758848124816
9.615846338535414,-2.711554183861904
9.61984793917567,-1.3798641530922204
9.623849539815927,-0.062228880231445904
9.627851140456183,-0.005336216772637292
9.63185274109644,-1.1554080242224951
9.635854341736694,-2.993490778119223
9.63985594237695,-4.338294140339701
9.643857543017207,-4.239544578463498
9.647859143657463,-3.037931287873901
9.65186074429772,-1.682556007116054
9.655862344937976,-1.0402277008350262
9.659863945578232,-1.9047615559866726
9.663865546218489,-3.191702147693495
9.667867146858743,-3.8324968417798564
9.671868747499,-3.0186199892035956
9.675870348139256,-0.8212255502328132
9.679871948779512,1.413713211951032
9.683873549419769,2.226341427345671
9.687875150060025,1.1273028633255575
9.691876750700281,-1.323718389910011
9.695878351340536,-3.6236723515409137
9.699879951980792,-4.473031456581915
9.703881552621048,-3.3490769257608997
9.707883153261305,-1.153175523114418
9.711884753901561,0.5448997788397695
9.715886354541817,0.6698648336253371
9.719887955182074,-0.43239570713777775
9.72388955582233,-2.020277088439324
9.727891156462585,-2.8966930964303943
9.731892757102841,-2.335102564194005
9.735894357743097,-0.8369581393010346
9.739895958383354,0.6478211585493833
9.74389755902361,1.376214542966495
9.747899159663866,1.3241895260149912
9.751900760304123,0.9597340920929592
9.755902360944377,1.011631648062144
9.759903961584634,1.5805387452874813
9.76390556222489,1.893513944173033
9.767907162865146,1.4436093670437786
9.771908763505403,-0.004453442381538719
9.775910364145659,-1.903715034146784
9.779911964785915,-2.7276652990483004
9.78391356542617,-1.8549324048295035
9.787915166066426,0.5460716097573094
9.791916766706683,3.1677078907484937
9.795918367346939,4.491011001931094
9.799919967987195,3.6815186136308027
9.803921568627452,1.3944958392195783
9.807923169267708,-0.819607644169559
9.811924769907964,-1.400154527305787
9.815926370548219,0.148675469973891
9.819927971188475,3.121232629661408
9.823929571828732,5.54050055191879
9.827931172468988,5.849167801191047
9.831932773109244,4.174403455115054
9.8359343737495,1.5238097092063845
9.839935974389757,-0.5411507921942263
9.843937575030012,-1.1055282820006431
9.847939175670268,-0.09467107267740643
9.851940776310524,1.4792494526775195
9.85594237695078,2.393717199752268
9.859943977591037,2.319171665590094
9.863945578231293,1.8368116037804432
9.86794717887155,1.6510893358627967
9.871948779511806,2.110543724678058
9.87595038015206,3.122172165776312
9.879951980792317,3.936664221272275
9.883953581432573,3.498365663203875
9.88795518207283,2.1429998757385613
9.891956782713086,0.8367831775039357
9.895958383353342,0.4382406456416658
9.899959983993599,1.307749052063561
9.903961584633853,2.6983933916787
9.90796318527411,3.454507350026565
9.911964785914366,2.7259908791924308
9.915966386554622,0.6835772933885912
9.919967987194878,-1.5186552979280064
9.923969587835135,-2.4993125624535986
9.927971188475391,-1.5748029348122397
9.931972789115648,0.6758181439490908
9.935974389755902,2.728131184625528
9.939975990396158,3.274673754607492
9.943977591036415,2.328999140923593
9.947979191676671,0.47993320194862993
9.951980792316927,-0.6836266554358127
9.955982392957184,-0.5086898062560866
9.95998399359744,0.7437134255003317
9.963985594237695,1.9852265005140453
9.967987194877951,1.9015486272719118
9.971988795518207,0.18105405412611636
9.975990396158464,-2.0993067418106426
9.97999199679872,-3.6280090839237817
9.983993597438976,-3.3832700107767932
9.987995198079233,-1.9045845705838311
9.991996798719487,0.006606461846245956
9.995998399359744,0.9490634399444902
10.0,0.13867841542217363
